{"type": "FeatureCollection", "features": [{"type": "Feature", "geometry": {"type": "Polygon", "coordinates": [[[115.0, 176.5], [114.0, 176.5], [113.5, 176.0], [113.0, 175.5], [112.0, 175.5], [111.5, 175.0], [111.0, 174.5], [110.5, 174.0], [111.0, 173.5], [111.5, 173.0], [111.0, 172.5], [110.0, 172.5], [109.5, 173.0], [109.5, 174.0], [109.0, 174.5], [108.5, 175.0], [109.0, 175.5], [109.5, 176.0], [109.0, 176.5], [108.0, 176.5], [107.0, 176.5], [106.5, 176.0], [106.5, 175.0], [106.0, 174.5], [105.0, 174.5], [104.5, 174.0], [105.0, 173.5], [106.0, 173.5], [107.0, 173.5], [108.0, 173.5], [108.5, 173.0], [108.0, 172.5], [107.0, 172.5], [106.5, 172.0], [106.5, 171.0], [106.5, 170.0], [106.5, 169.0], [106.5, 168.0], [106.5, 167.0], [106.0, 166.5], [105.0, 166.5], [104.5, 167.0], [105.0, 167.5], [105.5, 168.0], [105.0, 168.5], [104.0, 168.5], [103.0, 168.5], [102.5, 168.0], [102.5, 167.0], [102.5, 166.0], [102.5, 165.0], [102.0, 164.5], [101.5, 165.0], [101.5, 166.0], [101.0, 166.5], [100.5, 166.0], [100.0, 165.5], [99.5, 166.0], [99.5, 167.0], [99.5, 168.0], [99.0, 168.5], [98.5, 168.0], [98.0, 167.5], [97.0, 167.5], [96.0, 167.5], [95.5, 168.0], [95.0, 168.5], [94.0, 168.5], [93.0, 168.5], [92.0, 168.5], [91.0, 168.5], [90.5, 168.0], [90.5, 167.0], [90.0, 166.5], [89.5, 167.0], [89.5, 168.0], [89.0, 168.5], [88.5, 168.0], [88.5, 167.0], [88.5, 166.0], [88.5, 165.0], [88.5, 164.0], [89.0, 163.5], [90.0, 163.5], [91.0, 163.5], [92.0, 163.5], [93.0, 163.5], [94.0, 163.5], [95.0, 163.5], [96.0, 163.5], [96.5, 163.0], [96.5, 162.0], [97.0, 161.5], [97.5, 162.0], [98.0, 162.5], [98.5, 162.0], [98.5, 161.0], [98.5, 160.0], [99.0, 159.5], [99.5, 159.0], [99.0, 158.5], [98.5, 158.0], [99.0, 157.5], [99.5, 157.0], [100.0, 156.5], [100.5, 156.0], [100.0, 155.5], [99.5, 156.0], [99.0, 156.5], [98.0, 156.5], [97.5, 156.0], [98.0, 155.5], [98.5, 155.0], [98.0, 154.5], [97.5, 154.0], [97.5, 153.0], [97.0, 152.5], [96.5, 152.0], [96.0, 151.5], [95.5, 151.0], [95.5, 150.0], [96.0, 149.5], [96.5, 149.0], [96.5, 148.0], [96.0, 147.5], [95.5, 147.0], [95.5, 146.0], [95.5, 145.0], [95.0, 144.5], [94.0, 144.5], [93.5, 144.0], [93.0, 143.5], [92.5, 143.0], [92.0, 142.5], [91.0, 142.5], [90.5, 142.0], [90.0, 141.5], [89.0, 141.5], [88.5, 142.0], [88.0, 142.5], [87.5, 142.0], [87.5, 141.0], [87.0, 140.5], [86.5, 140.0], [86.5, 139.0], [87.0, 138.5], [87.5, 139.0], [88.0, 139.5], [88.5, 139.0], [88.0, 138.5], [87.5, 138.0], [87.5, 137.0], [87.0, 136.5], [86.5, 136.0], [86.0, 135.5], [85.5, 135.0], [85.5, 134.0], [85.0, 133.5], [84.5, 134.0], [84.5, 135.0], [84.5, 136.0], [84.0, 136.5], [83.0, 136.5], [82.5, 136.0], [82.0, 135.5], [81.0, 135.5], [80.5, 136.0], [80.5, 137.0], [80.5, 138.0], [80.5, 139.0], [81.0, 139.5], [82.0, 139.5], [83.0, 139.5], [84.0, 139.5], [84.5, 140.0], [84.0, 140.5], [83.0, 140.5], [82.0, 140.5], [81.5, 141.0], [81.0, 141.5], [80.0, 141.5], [79.5, 142.0], [79.0, 142.5], [78.5, 142.0], [78.0, 141.5], [77.5, 142.0], [77.5, 143.0], [77.0, 143.5], [76.5, 143.0], [76.5, 142.0], [76.5, 141.0], [76.0, 140.5], [75.0, 140.5], [74.5, 140.0], [75.0, 139.5], [75.5, 139.0], [75.5, 138.0], [76.0, 137.5], [76.5, 137.0], [76.5, 136.0], [76.5, 135.0], [76.0, 134.5], [75.5, 134.0], [76.0, 133.5], [77.0, 133.5], [77.5, 134.0], [77.5, 135.0], [78.0, 135.5], [79.0, 135.5], [79.5, 135.0], [79.0, 134.5], [78.5, 134.0], [79.0, 133.5], [80.0, 133.5], [81.0, 133.5], [81.5, 133.0], [81.0, 132.5], [80.5, 132.0], [80.5, 131.0], [81.0, 130.5], [81.5, 130.0], [81.5, 129.0], [81.0, 128.5], [80.0, 128.5], [79.0, 128.5], [78.5, 128.0], [79.0, 127.5], [79.5, 127.0], [79.0, 126.5], [78.5, 126.0], [79.0, 125.5], [79.5, 125.0], [80.0, 124.5], [80.5, 124.0], [80.0, 123.5], [79.5, 124.0], [79.0, 124.5], [78.5, 124.0], [78.0, 123.5], [77.0, 123.5], [76.5, 123.0], [76.0, 122.5], [75.0, 122.5], [74.5, 122.0], [74.5, 121.0], [74.5, 120.0], [74.5, 119.0], [74.0, 118.5], [73.5, 119.0], [73.5, 120.0], [73.0, 120.5], [72.5, 120.0], [72.5, 119.0], [72.0, 118.5], [71.0, 118.5], [70.5, 118.0], [71.0, 117.5], [71.5, 117.0], [71.0, 116.5], [70.5, 116.0], [70.5, 115.0], [70.0, 114.5], [69.0, 114.5], [68.5, 115.0], [68.0, 115.5], [67.0, 115.5], [66.5, 115.0], [66.5, 114.0], [66.0, 113.5], [65.5, 113.0], [65.0, 112.5], [64.5, 113.0], [64.5, 114.0], [65.0, 114.5], [65.5, 115.0], [65.0, 115.5], [64.0, 115.5], [63.0, 115.5], [62.5, 115.0], [62.5, 114.0], [63.0, 113.5], [63.5, 113.0], [63.0, 112.5], [62.5, 112.0], [62.0, 111.5], [61.0, 111.5], [60.0, 111.5], [59.5, 112.0], [59.0, 112.5], [58.5, 112.0], [58.5, 111.0], [58.5, 110.0], [59.0, 109.5], [59.5, 110.0], [60.0, 110.5], [60.5, 110.0], [61.0, 109.5], [61.5, 109.0], [62.0, 108.5], [62.5, 108.0], [62.0, 107.5], [61.5, 108.0], [61.0, 108.5], [60.5, 108.0], [60.0, 107.5], [59.5, 108.0], [59.0, 108.5], [58.5, 108.0], [58.5, 107.0], [58.5, 106.0], [59.0, 105.5], [59.5, 105.0], [60.0, 104.5], [60.5, 105.0], [61.0, 105.5], [62.0, 105.5], [63.0, 105.5], [63.5, 105.0], [63.0, 104.5], [62.5, 104.0], [62.0, 103.5], [61.5, 103.0], [61.0, 102.5], [60.5, 103.0], [60.0, 103.5], [59.5, 104.0], [59.0, 104.5], [58.5, 104.0], [58.0, 103.5], [57.0, 103.5], [56.5, 104.0], [56.5, 105.0], [57.0, 105.5], [57.5, 106.0], [57.0, 106.5], [56.5, 107.0], [56.0, 107.5], [55.5, 107.0], [55.5, 106.0], [55.5, 105.0], [55.0, 104.5], [54.5, 104.0], [54.0, 103.5], [53.5, 104.0], [53.0, 104.5], [52.5, 104.0], [52.5, 103.0], [52.0, 102.5], [51.0, 102.5], [50.5, 102.0], [51.0, 101.5], [51.5, 101.0], [51.0, 100.5], [50.5, 100.0], [51.0, 99.5], [51.5, 99.0], [51.5, 98.0], [52.0, 97.5], [52.5, 97.0], [52.5, 96.0], [52.0, 95.5], [51.5, 95.0], [51.0, 94.5], [50.5, 94.0], [51.0, 93.5], [51.5, 93.0], [51.0, 92.5], [50.5, 92.0], [50.5, 91.0], [50.5, 90.0], [51.0, 89.5], [51.5, 89.0], [51.0, 88.5], [50.5, 89.0], [50.0, 89.5], [49.5, 89.0], [49.0, 88.5], [48.5, 88.0], [49.0, 87.5], [50.0, 87.5], [51.0, 87.5], [51.5, 87.0], [51.0, 86.5], [50.5, 86.0], [51.0, 85.5], [51.5, 85.0], [51.0, 84.5], [50.0, 84.5], [49.0, 84.5], [48.5, 85.0], [48.0, 85.5], [47.5, 85.0], [47.0, 84.5], [46.5, 84.0], [47.0, 83.5], [47.5, 83.0], [48.0, 82.5], [48.5, 83.0], [49.0, 83.5], [50.0, 83.5], [50.5, 83.0], [50.5, 82.0], [51.0, 81.5], [51.5, 81.0], [51.0, 80.5], [50.0, 80.5], [49.0, 80.5], [48.0, 80.5], [47.0, 80.5], [46.5, 80.0], [47.0, 79.5], [47.5, 79.0], [48.0, 78.5], [48.5, 79.0], [49.0, 79.5], [50.0, 79.5], [51.0, 79.5], [51.5, 79.0], [51.0, 78.5], [50.5, 78.0], [51.0, 77.5], [51.5, 77.0], [51.0, 76.5], [50.5, 77.0], [50.0, 77.5], [49.0, 77.5], [48.0, 77.5], [47.5, 77.0], [47.0, 76.5], [46.5, 77.0], [46.0, 77.5], [45.5, 77.0], [45.0, 76.5], [44.5, 77.0], [44.0, 77.5], [43.5, 77.0], [43.0, 76.5], [42.0, 76.5], [41.0, 76.5], [40.0, 76.5], [39.0, 76.5], [38.5, 76.0], [39.0, 75.5], [39.5, 75.0], [40.0, 74.5], [40.5, 75.0], [41.0, 75.5], [42.0, 75.5], [43.0, 75.5], [43.5, 75.0], [43.5, 74.0], [43.5, 73.0], [44.0, 72.5], [44.5, 73.0], [44.5, 74.0], [44.5, 75.0], [45.0, 75.5], [46.0, 75.5], [47.0, 75.5], [47.5, 75.0], [47.5, 74.0], [48.0, 73.5], [48.5, 74.0], [48.5, 75.0], [49.0, 75.5], [49.5, 75.0], [50.0, 74.5], [50.5, 75.0], [51.0, 75.5], [51.5, 75.0], [51.0, 74.5], [50.5, 74.0], [51.0, 73.5], [52.0, 73.5], [53.0, 73.5], [54.0, 73.5], [55.0, 73.5], [55.5, 73.0], [55.0, 72.5], [54.0, 72.5], [53.0, 72.5], [52.5, 72.0], [52.0, 71.5], [51.5, 71.0], [51.0, 70.5], [50.5, 70.0], [51.0, 69.5], [51.5, 69.0], [51.0, 68.5], [50.5, 68.0], [50.5, 67.0], [50.5, 66.0], [51.0, 65.5], [51.5, 65.0], [51.0, 64.5], [50.0, 64.5], [49.0, 64.5], [48.5, 65.0], [48.0, 65.5], [47.5, 65.0], [47.0, 64.5], [46.5, 64.0], [47.0, 63.5], [47.5, 63.0], [48.0, 62.5], [48.5, 63.0], [49.0, 63.5], [50.0, 63.5], [50.5, 63.0], [50.5, 62.0], [51.0, 61.5], [51.5, 61.0], [51.0, 60.5], [50.0, 60.5], [49.0, 60.5], [48.5, 60.0], [49.0, 59.5], [49.5, 59.0], [50.0, 58.5], [50.5, 58.0], [50.5, 57.0], [50.0, 56.5], [49.0, 56.5], [48.0, 56.5], [47.0, 56.5], [46.5, 56.0], [46.0, 55.5], [45.5, 56.0], [45.0, 56.5], [44.0, 56.5], [43.0, 56.5], [42.0, 56.5], [41.5, 57.0], [41.5, 58.0], [42.0, 58.5], [42.5, 59.0], [42.0, 59.5], [41.5, 60.0], [41.0, 60.5], [40.5, 60.0], [40.0, 59.5], [39.5, 59.0], [39.5, 58.0], [40.0, 57.5], [40.5, 57.0], [40.0, 56.5], [39.0, 56.5], [38.0, 56.5], [37.0, 56.5], [36.5, 57.0], [37.0, 57.5], [37.5, 58.0], [37.0, 58.5], [36.5, 59.0], [36.0, 59.5], [35.5, 59.0], [35.5, 58.0], [35.5, 57.0], [35.0, 56.5], [34.0, 56.5], [33.5, 57.0], [33.5, 58.0], [34.0, 58.5], [34.5, 59.0], [35.0, 59.5], [35.5, 60.0], [35.0, 60.5], [34.0, 60.5], [33.0, 60.5], [32.0, 60.5], [31.0, 60.5], [30.5, 60.0], [31.0, 59.5], [31.5, 59.0], [32.0, 58.5], [32.5, 58.0], [32.5, 57.0], [32.0, 56.5], [31.0, 56.5], [30.5, 57.0], [30.0, 57.5], [29.5, 58.0], [29.5, 59.0], [29.5, 60.0], [29.0, 60.5], [28.5, 60.0], [28.0, 59.5], [27.5, 59.0], [28.0, 58.5], [28.5, 58.0], [28.0, 57.5], [27.5, 57.0], [27.0, 56.5], [26.5, 57.0], [27.0, 57.5], [27.5, 58.0], [27.0, 58.5], [26.5, 59.0], [27.0, 59.5], [27.5, 60.0], [27.0, 60.5], [26.0, 60.5], [25.0, 60.5], [24.5, 61.0], [25.0, 61.5], [25.5, 62.0], [25.5, 63.0], [25.5, 64.0], [25.0, 64.5], [24.5, 64.0], [24.0, 63.5], [23.0, 63.5], [22.0, 63.5], [21.5, 64.0], [21.0, 64.5], [20.5, 64.0], [20.0, 63.5], [19.0, 63.5], [18.5, 63.0], [18.5, 62.0], [18.5, 61.0], [19.0, 60.5], [19.5, 60.0], [20.0, 59.5], [21.0, 59.5], [21.5, 59.0], [21.5, 58.0], [22.0, 57.5], [22.5, 57.0], [22.0, 56.5], [21.5, 56.0], [21.5, 55.0], [21.5, 54.0], [22.0, 53.5], [22.5, 53.0], [22.5, 52.0], [22.5, 51.0], [23.0, 50.5], [23.5, 50.0], [23.5, 49.0], [23.5, 48.0], [23.0, 47.5], [22.0, 47.5], [21.5, 47.0], [22.0, 46.5], [22.5, 46.0], [22.0, 45.5], [21.0, 45.5], [20.5, 45.0], [20.5, 44.0], [20.0, 43.5], [19.0, 43.5], [18.5, 43.0], [18.5, 42.0], [19.0, 41.5], [19.5, 41.0], [20.0, 40.5], [20.5, 40.0], [20.0, 39.5], [19.5, 39.0], [19.0, 38.5], [18.5, 39.0], [18.0, 39.5], [17.5, 39.0], [17.5, 38.0], [17.5, 37.0], [17.5, 36.0], [17.5, 35.0], [17.0, 34.5], [16.5, 34.0], [17.0, 33.5], [17.5, 33.0], [17.5, 32.0], [17.5, 31.0], [17.5, 30.0], [18.0, 29.5], [18.5, 30.0], [19.0, 30.5], [19.5, 30.0], [19.5, 29.0], [19.0, 28.5], [18.5, 28.0], [19.0, 27.5], [20.0, 27.5], [20.5, 28.0], [20.5, 29.0], [21.0, 29.5], [21.5, 29.0], [22.0, 28.5], [23.0, 28.5], [23.5, 28.0], [23.5, 27.0], [23.0, 26.5], [22.5, 27.0], [22.0, 27.5], [21.5, 27.0], [21.0, 26.5], [20.0, 26.5], [19.5, 26.0], [19.5, 25.0], [19.0, 24.5], [18.5, 24.0], [18.5, 23.0], [18.0, 22.5], [17.5, 22.0], [18.0, 21.5], [18.5, 21.0], [18.5, 20.0], [19.0, 19.5], [19.5, 20.0], [20.0, 20.5], [21.0, 20.5], [21.5, 20.0], [21.5, 19.0], [22.0, 18.5], [22.5, 18.0], [22.5, 17.0], [22.5, 16.0], [22.0, 15.5], [21.5, 15.0], [21.0, 14.5], [20.5, 14.0], [20.5, 13.0], [21.0, 12.5], [21.5, 12.0], [21.5, 11.0], [21.0, 10.5], [20.5, 10.0], [21.0, 9.5], [21.5, 9.0], [22.0, 8.5], [22.5, 9.0], [22.5, 10.0], [22.5, 11.0], [23.0, 11.5], [23.5, 11.0], [23.5, 10.0], [23.5, 9.0], [23.0, 8.5], [22.5, 8.0], [23.0, 7.5], [23.5, 7.0], [23.0, 6.5], [22.5, 7.0], [22.0, 7.5], [21.0, 7.5], [20.5, 7.0], [20.0, 6.5], [19.0, 6.5], [18.5, 6.0], [19.0, 5.5], [19.5, 5.0], [20.0, 4.5], [20.5, 4.0], [21.0, 3.5], [21.5, 3.0], [22.0, 2.5], [22.5, 2.0], [23.0, 1.5], [24.0, 1.5], [24.5, 2.0], [24.5, 3.0], [25.0, 3.5], [25.5, 3.0], [26.0, 2.5], [26.5, 3.0], [27.0, 3.5], [27.5, 3.0], [27.5, 2.0], [28.0, 1.5], [28.5, 2.0], [28.5, 3.0], [29.0, 3.5], [29.5, 3.0], [29.5, 2.0], [30.0, 1.5], [31.0, 1.5], [32.0, 1.5], [33.0, 1.5], [34.0, 1.5], [34.5, 2.0], [34.5, 3.0], [35.0, 3.5], [35.5, 3.0], [35.5, 2.0], [36.0, 1.5], [36.5, 2.0], [36.5, 3.0], [37.0, 3.5], [37.5, 3.0], [38.0, 2.5], [38.5, 3.0], [39.0, 3.5], [39.5, 3.0], [39.5, 2.0], [40.0, 1.5], [40.5, 2.0], [40.5, 3.0], [41.0, 3.5], [41.5, 3.0], [41.5, 2.0], [42.0, 1.5], [43.0, 1.5], [44.0, 1.5], [44.5, 2.0], [44.5, 3.0], [44.5, 4.0], [45.0, 4.5], [46.0, 4.5], [47.0, 4.5], [47.5, 4.0], [47.0, 3.5], [46.0, 3.5], [45.5, 3.0], [46.0, 2.5], [47.0, 2.5], [47.5, 2.0], [48.0, 1.5], [48.5, 2.0], [48.5, 3.0], [49.0, 3.5], [49.5, 3.0], [50.0, 2.5], [50.5, 2.0], [51.0, 1.5], [52.0, 1.5], [52.5, 2.0], [53.0, 2.5], [53.5, 2.0], [53.5, 1.0], [54.0, 0.5], [55.0, 0.5], [56.0, 0.5], [57.0, 0.5], [58.0, 0.5], [59.0, 0.5], [60.0, 0.5], [61.0, 0.5], [62.0, 0.5], [63.0, 0.5], [64.0, 0.5], [65.0, 0.5], [66.0, 0.5], [67.0, 0.5], [68.0, 0.5], [69.0, 0.5], [70.0, 0.5], [71.0, 0.5], [72.0, 0.5], [73.0, 0.5], [74.0, 0.5], [74.5, 1.0], [74.0, 1.5], [73.5, 2.0], [74.0, 2.5], [74.5, 2.0], [75.0, 1.5], [75.5, 2.0], [76.0, 2.5], [77.0, 2.5], [77.5, 2.0], [77.5, 1.0], [78.0, 0.5], [79.0, 0.5], [80.0, 0.5], [81.0, 0.5], [82.0, 0.5], [83.0, 0.5], [84.0, 0.5], [85.0, 0.5], [86.0, 0.5], [87.0, 0.5], [88.0, 0.5], [89.0, 0.5], [90.0, 0.5], [91.0, 0.5], [92.0, 0.5], [92.5, 1.0], [92.5, 2.0], [93.0, 2.5], [93.5, 2.0], [93.5, 1.0], [94.0, 0.5], [95.0, 0.5], [96.0, 0.5], [97.0, 0.5], [98.0, 0.5], [99.0, 0.5], [100.0, 0.5], [101.0, 0.5], [102.0, 0.5], [103.0, 0.5], [104.0, 0.5], [105.0, 0.5], [106.0, 0.5], [107.0, 0.5], [108.0, 0.5], [109.0, 0.5], [110.0, 0.5], [111.0, 0.5], [112.0, 0.5], [113.0, 0.5], [114.0, 0.5], [115.0, 0.5], [116.0, 0.5], [117.0, 0.5], [118.0, 0.5], [118.5, 0.0], [119.0, -0.5], [120.0, -0.5], [120.5, 0.0], [121.0, 0.5], [122.0, 0.5], [123.0, 0.5], [124.0, 0.5], [124.5, 1.0], [124.5, 2.0], [124.5, 3.0], [125.0, 3.5], [126.0, 3.5], [127.0, 3.5], [127.5, 3.0], [127.0, 2.5], [126.5, 2.0], [127.0, 1.5], [128.0, 1.5], [129.0, 1.5], [129.5, 1.0], [130.0, 0.5], [130.5, 1.0], [131.0, 1.5], [132.0, 1.5], [133.0, 1.5], [133.5, 1.0], [134.0, 0.5], [135.0, 0.5], [135.5, 1.0], [136.0, 1.5], [136.5, 1.0], [137.0, 0.5], [138.0, 0.5], [139.0, 0.5], [140.0, 0.5], [141.0, 0.5], [142.0, 0.5], [143.0, 0.5], [143.5, 1.0], [144.0, 1.5], [145.0, 1.5], [145.5, 2.0], [145.0, 2.5], [144.5, 3.0], [145.0, 3.5], [145.5, 3.0], [146.0, 2.5], [146.5, 2.0], [147.0, 1.5], [148.0, 1.5], [148.5, 1.0], [149.0, 0.5], [150.0, 0.5], [151.0, 0.5], [152.0, 0.5], [153.0, 0.5], [153.5, 1.0], [154.0, 1.5], [155.0, 1.5], [156.0, 1.5], [157.0, 1.5], [157.5, 2.0], [157.0, 2.5], [156.5, 3.0], [157.0, 3.5], [157.5, 3.0], [158.0, 2.5], [158.5, 3.0], [159.0, 3.5], [159.5, 3.0], [159.0, 2.5], [158.5, 2.0], [159.0, 1.5], [160.0, 1.5], [160.5, 2.0], [161.0, 2.5], [162.0, 2.5], [162.5, 2.0], [162.0, 1.5], [161.5, 1.0], [162.0, 0.5], [163.0, 0.5], [163.5, 1.0], [164.0, 1.5], [165.0, 1.5], [166.0, 1.5], [166.5, 1.0], [167.0, 0.5], [167.5, 1.0], [168.0, 1.5], [169.0, 1.5], [169.5, 2.0], [170.0, 2.5], [170.5, 2.0], [171.0, 1.5], [172.0, 1.5], [172.5, 2.0], [172.5, 3.0], [173.0, 3.5], [173.5, 3.0], [174.0, 2.5], [174.5, 3.0], [175.0, 3.5], [175.5, 3.0], [175.5, 2.0], [176.0, 1.5], [176.5, 2.0], [176.5, 3.0], [177.0, 3.5], [177.5, 3.0], [178.0, 2.5], [179.0, 2.5], [180.0, 2.5], [180.5, 3.0], [181.0, 3.5], [181.5, 3.0], [182.0, 2.5], [183.0, 2.5], [184.0, 2.5], [184.5, 2.0], [185.0, 1.5], [186.0, 1.5], [186.5, 1.0], [187.0, 0.5], [187.5, 1.0], [188.0, 1.5], [188.5, 2.0], [188.0, 2.5], [187.0, 2.5], [186.5, 3.0], [186.0, 3.5], [185.5, 4.0], [185.0, 4.5], [184.5, 5.0], [184.0, 5.5], [183.0, 5.5], [182.5, 6.0], [182.5, 7.0], [182.5, 8.0], [182.5, 9.0], [182.5, 10.0], [183.0, 10.5], [183.5, 11.0], [184.0, 11.5], [185.0, 11.5], [185.5, 11.0], [186.0, 10.5], [186.5, 10.0], [186.5, 9.0], [187.0, 8.5], [188.0, 8.5], [188.5, 8.0], [189.0, 7.5], [190.0, 7.5], [190.5, 7.0], [191.0, 6.5], [191.5, 7.0], [192.0, 7.5], [192.5, 7.0], [192.5, 6.0], [193.0, 5.5], [193.5, 6.0], [194.0, 6.5], [195.0, 6.5], [196.0, 6.5], [197.0, 6.5], [198.0, 6.5], [198.5, 6.0], [199.0, 5.5], [200.0, 5.5], [201.0, 5.5], [202.0, 5.5], [203.0, 5.5], [204.0, 5.5], [205.0, 5.5], [205.5, 6.0], [205.0, 6.5], [204.0, 6.5], [203.5, 7.0], [203.0, 7.5], [202.0, 7.5], [201.0, 7.5], [200.0, 7.5], [199.5, 8.0], [199.5, 9.0], [199.0, 9.5], [198.5, 9.0], [198.5, 8.0], [198.0, 7.5], [197.5, 8.0], [197.0, 8.5], [196.5, 8.0], [196.0, 7.5], [195.0, 7.5], [194.0, 7.5], [193.5, 8.0], [193.0, 8.5], [192.5, 9.0], [192.5, 10.0], [192.5, 11.0], [192.0, 11.5], [191.0, 11.5], [190.0, 11.5], [189.0, 11.5], [188.5, 12.0], [188.5, 13.0], [188.5, 14.0], [188.5, 15.0], [188.0, 15.5], [187.0, 15.5], [186.0, 15.5], [185.5, 15.0], [185.0, 14.5], [184.5, 15.0], [185.0, 15.5], [185.5, 16.0], [185.0, 16.5], [184.5, 17.0], [185.0, 17.5], [185.5, 18.0], [185.0, 18.5], [184.5, 19.0], [185.0, 19.5], [185.5, 19.0], [186.0, 18.5], [186.5, 19.0], [186.5, 20.0], [186.0, 20.5], [185.0, 20.5], [184.5, 21.0], [184.5, 22.0], [184.5, 23.0], [184.5, 24.0], [184.5, 25.0], [184.5, 26.0], [184.0, 26.5], [183.5, 26.0], [183.5, 25.0], [183.0, 24.5], [182.5, 25.0], [182.0, 25.5], [181.5, 25.0], [181.0, 24.5], [180.5, 25.0], [180.5, 26.0], [180.5, 27.0], [181.0, 27.5], [182.0, 27.5], [183.0, 27.5], [184.0, 27.5], [184.5, 28.0], [184.5, 29.0], [184.5, 30.0], [184.0, 30.5], [183.5, 30.0], [183.5, 29.0], [183.0, 28.5], [182.0, 28.5], [181.0, 28.5], [180.5, 29.0], [180.5, 30.0], [180.5, 31.0], [180.5, 32.0], [180.5, 33.0], [180.5, 34.0], [180.5, 35.0], [180.5, 36.0], [180.5, 37.0], [180.5, 38.0], [180.5, 39.0], [180.5, 40.0], [180.5, 41.0], [181.0, 41.5], [181.5, 42.0], [181.0, 42.5], [180.5, 43.0], [180.0, 43.5], [179.5, 44.0], [180.0, 44.5], [180.5, 45.0], [180.0, 45.5], [179.0, 45.5], [178.5, 46.0], [178.5, 47.0], [178.5, 48.0], [179.0, 48.5], [179.5, 48.0], [180.0, 47.5], [181.0, 47.5], [181.5, 47.0], [181.5, 46.0], [182.0, 45.5], [182.5, 45.0], [183.0, 44.5], [183.5, 44.0], [184.0, 43.5], [185.0, 43.5], [185.5, 44.0], [185.0, 44.5], [184.5, 45.0], [184.5, 46.0], [184.5, 47.0], [184.5, 48.0], [184.5, 49.0], [184.5, 50.0], [184.5, 51.0], [184.0, 51.5], [183.5, 51.0], [183.0, 50.5], [182.5, 50.0], [182.0, 49.5], [181.5, 49.0], [181.0, 48.5], [180.5, 49.0], [181.0, 49.5], [181.5, 50.0], [181.0, 50.5], [180.5, 51.0], [181.0, 51.5], [181.5, 52.0], [181.0, 52.5], [180.5, 53.0], [180.5, 54.0], [180.5, 55.0], [181.0, 55.5], [181.5, 56.0], [181.0, 56.5], [180.5, 57.0], [180.5, 58.0], [180.0, 58.5], [179.5, 58.0], [179.5, 57.0], [179.0, 56.5], [178.5, 57.0], [178.0, 57.5], [177.5, 57.0], [177.0, 56.5], [176.5, 57.0], [176.0, 57.5], [175.5, 58.0], [175.0, 58.5], [174.5, 58.0], [174.0, 57.5], [173.5, 58.0], [173.0, 58.5], [172.5, 59.0], [173.0, 59.5], [173.5, 59.0], [174.0, 58.5], [174.5, 59.0], [175.0, 59.5], [176.0, 59.5], [177.0, 59.5], [177.5, 60.0], [177.0, 60.5], [176.5, 61.0], [176.5, 62.0], [176.0, 62.5], [175.5, 62.0], [175.5, 61.0], [175.0, 60.5], [174.5, 61.0], [174.0, 61.5], [173.5, 61.0], [173.0, 60.5], [172.5, 61.0], [173.0, 61.5], [173.5, 62.0], [173.0, 62.5], [172.5, 63.0], [173.0, 63.5], [173.5, 63.0], [174.0, 62.5], [174.5, 63.0], [175.0, 63.5], [176.0, 63.5], [177.0, 63.5], [178.0, 63.5], [179.0, 63.5], [179.5, 63.0], [179.5, 62.0], [179.5, 61.0], [179.5, 60.0], [180.0, 59.5], [180.5, 60.0], [180.5, 61.0], [181.0, 61.5], [181.5, 62.0], [181.0, 62.5], [180.5, 63.0], [181.0, 63.5], [181.5, 64.0], [181.0, 64.5], [180.5, 65.0], [181.0, 65.5], [181.5, 66.0], [181.0, 66.5], [180.5, 67.0], [180.5, 68.0], [180.5, 69.0], [180.5, 70.0], [180.5, 71.0], [180.5, 72.0], [180.5, 73.0], [180.5, 74.0], [180.5, 75.0], [180.5, 76.0], [180.5, 77.0], [181.0, 77.5], [181.5, 78.0], [182.0, 78.5], [182.5, 78.0], [183.0, 77.5], [183.5, 77.0], [184.0, 76.5], [184.5, 77.0], [185.0, 77.5], [185.5, 78.0], [185.0, 78.5], [184.5, 79.0], [185.0, 79.5], [185.5, 79.0], [186.0, 78.5], [186.5, 79.0], [187.0, 79.5], [187.5, 80.0], [187.0, 80.5], [186.5, 81.0], [187.0, 81.5], [187.5, 81.0], [188.0, 80.5], [188.5, 81.0], [188.5, 82.0], [188.5, 83.0], [188.0, 83.5], [187.5, 84.0], [187.0, 84.5], [186.5, 84.0], [186.0, 83.5], [185.5, 84.0], [185.0, 84.5], [184.5, 85.0], [185.0, 85.5], [185.5, 86.0], [185.0, 86.5], [184.5, 87.0], [184.5, 88.0], [184.5, 89.0], [184.5, 90.0], [184.5, 91.0], [185.0, 91.5], [185.5, 92.0], [185.0, 92.5], [184.0, 92.5], [183.0, 92.5], [182.5, 93.0], [183.0, 93.5], [184.0, 93.5], [185.0, 93.5], [185.5, 94.0], [186.0, 94.5], [186.5, 94.0], [187.0, 93.5], [187.5, 93.0], [187.0, 92.5], [186.5, 92.0], [187.0, 91.5], [187.5, 91.0], [187.5, 90.0], [188.0, 89.5], [188.5, 89.0], [188.5, 88.0], [188.0, 87.5], [187.5, 87.0], [187.0, 86.5], [186.5, 86.0], [187.0, 85.5], [187.5, 85.0], [188.0, 84.5], [188.5, 84.0], [189.0, 83.5], [189.5, 83.0], [190.0, 82.5], [190.5, 83.0], [191.0, 83.5], [191.5, 83.0], [192.0, 82.5], [192.5, 83.0], [193.0, 83.5], [193.5, 83.0], [194.0, 82.5], [194.5, 83.0], [195.0, 83.5], [195.5, 83.0], [196.0, 82.5], [196.5, 83.0], [197.0, 83.5], [197.5, 84.0], [197.0, 84.5], [196.5, 85.0], [196.5, 86.0], [196.5, 87.0], [197.0, 87.5], [197.5, 88.0], [197.0, 88.5], [196.5, 89.0], [196.5, 90.0], [196.5, 91.0], [197.0, 91.5], [197.5, 92.0], [197.0, 92.5], [196.5, 93.0], [197.0, 93.5], [197.5, 94.0], [198.0, 94.5], [198.5, 94.0], [198.0, 93.5], [197.5, 93.0], [198.0, 92.5], [198.5, 92.0], [199.0, 91.5], [199.5, 91.0], [199.0, 90.5], [198.5, 90.0], [199.0, 89.5], [199.5, 89.0], [200.0, 88.5], [200.5, 89.0], [201.0, 89.5], [201.5, 90.0], [201.0, 90.5], [200.5, 91.0], [201.0, 91.5], [201.5, 91.0], [202.0, 90.5], [202.5, 90.0], [203.0, 89.5], [203.5, 89.0], [204.0, 88.5], [204.5, 88.0], [205.0, 87.5], [205.5, 87.0], [206.0, 86.5], [206.5, 86.0], [207.0, 85.5], [207.5, 85.0], [208.0, 84.5], [208.5, 84.0], [209.0, 83.5], [209.5, 83.0], [210.0, 82.5], [210.5, 82.0], [211.0, 81.5], [211.5, 81.0], [212.0, 80.5], [212.5, 80.0], [213.0, 79.5], [213.5, 79.0], [214.0, 78.5], [214.5, 78.0], [215.0, 77.5], [215.5, 77.0], [216.0, 76.5], [216.5, 76.0], [217.0, 75.5], [217.5, 75.0], [217.5, 74.0], [218.0, 73.5], [218.5, 73.0], [219.0, 72.5], [219.5, 72.0], [219.5, 71.0], [219.5, 70.0], [219.5, 69.0], [220.0, 68.5], [220.5, 69.0], [220.5, 70.0], [220.5, 71.0], [221.0, 71.5], [221.5, 71.0], [221.5, 70.0], [222.0, 69.5], [222.5, 69.0], [222.5, 68.0], [223.0, 67.5], [223.5, 67.0], [223.5, 66.0], [223.5, 65.0], [223.0, 64.5], [222.5, 64.0], [223.0, 63.5], [223.5, 63.0], [223.5, 62.0], [223.5, 61.0], [224.0, 60.5], [224.5, 61.0], [224.5, 62.0], [224.5, 63.0], [224.5, 64.0], [224.5, 65.0], [224.5, 66.0], [225.0, 66.5], [225.5, 66.0], [225.5, 65.0], [226.0, 64.5], [226.5, 64.0], [226.5, 63.0], [227.0, 62.5], [227.5, 62.0], [228.0, 61.5], [228.5, 62.0], [228.5, 63.0], [229.0, 63.5], [230.0, 63.5], [230.5, 64.0], [230.0, 64.5], [229.5, 65.0], [229.0, 65.5], [228.0, 65.5], [227.5, 66.0], [227.5, 67.0], [228.0, 67.5], [229.0, 67.5], [229.5, 68.0], [229.0, 68.5], [228.5, 69.0], [228.0, 69.5], [227.5, 70.0], [228.0, 70.5], [228.5, 71.0], [228.5, 72.0], [228.5, 73.0], [228.5, 74.0], [228.5, 75.0], [228.0, 75.5], [227.5, 76.0], [227.0, 76.5], [226.5, 76.0], [226.0, 75.5], [225.5, 75.0], [226.0, 74.5], [226.5, 74.0], [226.0, 73.5], [225.5, 74.0], [225.0, 74.5], [224.5, 74.0], [224.0, 73.5], [223.5, 74.0], [223.0, 74.5], [222.5, 75.0], [223.0, 75.5], [223.5, 76.0], [223.0, 76.5], [222.5, 77.0], [222.0, 77.5], [221.5, 78.0], [221.0, 78.5], [220.0, 78.5], [219.5, 78.0], [219.0, 77.5], [218.0, 77.5], [217.5, 78.0], [218.0, 78.5], [219.0, 78.5], [219.5, 79.0], [219.5, 80.0], [219.0, 80.5], [218.5, 81.0], [218.0, 81.5], [217.5, 82.0], [217.0, 82.5], [216.5, 83.0], [216.0, 83.5], [215.5, 84.0], [215.0, 84.5], [214.5, 85.0], [214.0, 85.5], [213.5, 86.0], [213.0, 86.5], [212.0, 86.5], [211.5, 86.0], [211.0, 85.5], [210.5, 86.0], [211.0, 86.5], [211.5, 87.0], [211.5, 88.0], [212.0, 88.5], [212.5, 89.0], [213.0, 89.5], [213.5, 90.0], [213.0, 90.5], [212.5, 91.0], [213.0, 91.5], [213.5, 92.0], [213.0, 92.5], [212.5, 93.0], [212.5, 94.0], [212.5, 95.0], [213.0, 95.5], [214.0, 95.5], [215.0, 95.5], [216.0, 95.5], [216.5, 96.0], [216.0, 96.5], [215.5, 97.0], [215.0, 97.5], [214.0, 97.5], [213.5, 98.0], [213.0, 98.5], [212.5, 99.0], [213.0, 99.5], [213.5, 100.0], [213.0, 100.5], [212.5, 101.0], [213.0, 101.5], [213.5, 102.0], [213.0, 102.5], [212.0, 102.5], [211.5, 103.0], [211.5, 104.0], [211.0, 104.5], [210.5, 105.0], [210.0, 105.5], [209.5, 106.0], [209.0, 106.5], [208.5, 107.0], [208.0, 107.5], [207.5, 108.0], [207.0, 108.5], [206.5, 109.0], [207.0, 109.5], [207.5, 109.0], [208.0, 108.5], [208.5, 108.0], [209.0, 107.5], [210.0, 107.5], [210.5, 108.0], [210.5, 109.0], [210.5, 110.0], [210.5, 111.0], [210.0, 111.5], [209.5, 112.0], [209.0, 112.5], [208.5, 112.0], [208.0, 111.5], [207.0, 111.5], [206.0, 111.5], [205.0, 111.5], [204.0, 111.5], [203.5, 111.0], [203.5, 110.0], [203.5, 109.0], [204.0, 108.5], [204.5, 108.0], [204.0, 107.5], [203.5, 107.0], [203.5, 106.0], [203.5, 105.0], [203.0, 104.5], [202.5, 104.0], [202.0, 103.5], [201.5, 104.0], [201.0, 104.5], [200.5, 104.0], [200.0, 103.5], [199.5, 104.0], [199.0, 104.5], [198.5, 105.0], [198.0, 105.5], [197.5, 105.0], [197.0, 104.5], [196.5, 105.0], [197.0, 105.5], [197.5, 106.0], [197.0, 106.5], [196.5, 107.0], [196.0, 107.5], [195.5, 107.0], [195.5, 106.0], [195.5, 105.0], [195.0, 104.5], [194.5, 105.0], [194.0, 105.5], [193.5, 105.0], [193.0, 104.5], [192.5, 105.0], [193.0, 105.5], [193.5, 106.0], [193.0, 106.5], [192.5, 107.0], [192.0, 107.5], [191.5, 108.0], [191.0, 108.5], [190.5, 109.0], [191.0, 109.5], [191.5, 109.0], [192.0, 108.5], [192.5, 109.0], [193.0, 109.5], [193.5, 110.0], [193.0, 110.5], [192.5, 111.0], [192.0, 111.5], [191.5, 112.0], [191.0, 112.5], [190.5, 112.0], [190.0, 111.5], [189.5, 111.0], [189.0, 110.5], [188.5, 110.0], [189.0, 109.5], [189.5, 109.0], [189.0, 108.5], [188.0, 108.5], [187.0, 108.5], [186.5, 108.0], [187.0, 107.5], [187.5, 107.0], [187.0, 106.5], [186.5, 107.0], [186.0, 107.5], [185.5, 108.0], [185.0, 108.5], [184.5, 109.0], [184.0, 109.5], [183.5, 110.0], [183.0, 110.5], [182.5, 110.0], [182.0, 109.5], [181.5, 110.0], [181.5, 111.0], [182.0, 111.5], [183.0, 111.5], [184.0, 111.5], [184.5, 112.0], [184.0, 112.5], [183.0, 112.5], [182.0, 112.5], [181.0, 112.5], [180.5, 113.0], [181.0, 113.5], [182.0, 113.5], [183.0, 113.5], [184.0, 113.5], [184.5, 114.0], [184.5, 115.0], [184.0, 115.5], [183.5, 116.0], [183.0, 116.5], [182.5, 117.0], [183.0, 117.5], [184.0, 117.5], [185.0, 117.5], [185.5, 118.0], [186.0, 118.5], [186.5, 118.0], [187.0, 117.5], [188.0, 117.5], [189.0, 117.5], [190.0, 117.5], [191.0, 117.5], [192.0, 117.5], [193.0, 117.5], [194.0, 117.5], [195.0, 117.5], [196.0, 117.5], [197.0, 117.5], [197.5, 118.0], [197.0, 118.5], [196.5, 119.0], [196.0, 119.5], [195.0, 119.5], [194.0, 119.5], [193.0, 119.5], [192.0, 119.5], [191.0, 119.5], [190.0, 119.5], [189.5, 120.0], [189.0, 120.5], [188.5, 120.0], [188.0, 119.5], [187.5, 120.0], [187.0, 120.5], [186.5, 120.0], [186.0, 119.5], [185.5, 120.0], [185.0, 120.5], [184.5, 120.0], [184.0, 119.5], [183.5, 120.0], [183.0, 120.5], [182.5, 120.0], [182.0, 119.5], [181.5, 120.0], [181.0, 120.5], [180.5, 120.0], [180.0, 119.5], [179.5, 120.0], [179.0, 120.5], [178.5, 120.0], [178.0, 119.5], [177.5, 119.0], [177.0, 118.5], [176.5, 119.0], [176.5, 120.0], [176.5, 121.0], [176.5, 122.0], [176.5, 123.0], [177.0, 123.5], [177.5, 124.0], [177.0, 124.5], [176.5, 125.0], [176.5, 126.0], [176.5, 127.0], [176.0, 127.5], [175.5, 128.0], [175.0, 128.5], [174.5, 129.0], [174.0, 129.5], [173.5, 129.0], [173.0, 128.5], [172.5, 129.0], [172.0, 129.5], [171.5, 129.0], [171.0, 128.5], [170.5, 128.0], [171.0, 127.5], [172.0, 127.5], [172.5, 127.0], [172.0, 126.5], [171.5, 126.0], [172.0, 125.5], [172.5, 125.0], [172.0, 124.5], [171.0, 124.5], [170.5, 125.0], [170.0, 125.5], [169.5, 126.0], [169.0, 126.5], [168.5, 126.0], [168.0, 125.5], [167.5, 126.0], [168.0, 126.5], [168.5, 127.0], [168.5, 128.0], [168.0, 128.5], [167.0, 128.5], [166.5, 129.0], [166.0, 129.5], [165.5, 130.0], [165.0, 130.5], [164.5, 131.0], [165.0, 131.5], [166.0, 131.5], [167.0, 131.5], [168.0, 131.5], [168.5, 132.0], [168.5, 133.0], [169.0, 133.5], [170.0, 133.5], [170.5, 133.0], [170.5, 132.0], [171.0, 131.5], [171.5, 131.0], [172.0, 130.5], [172.5, 131.0], [173.0, 131.5], [173.5, 132.0], [173.0, 132.5], [172.5, 133.0], [173.0, 133.5], [173.5, 134.0], [174.0, 134.5], [174.5, 135.0], [175.0, 135.5], [175.5, 135.0], [175.5, 134.0], [176.0, 133.5], [176.5, 134.0], [176.5, 135.0], [177.0, 135.5], [177.5, 136.0], [177.0, 136.5], [176.0, 136.5], [175.0, 136.5], [174.0, 136.5], [173.0, 136.5], [172.0, 136.5], [171.0, 136.5], [170.0, 136.5], [169.0, 136.5], [168.5, 137.0], [169.0, 137.5], [169.5, 138.0], [170.0, 138.5], [170.5, 139.0], [171.0, 139.5], [171.5, 139.0], [171.0, 138.5], [170.5, 138.0], [171.0, 137.5], [172.0, 137.5], [173.0, 137.5], [174.0, 137.5], [175.0, 137.5], [176.0, 137.5], [177.0, 137.5], [177.5, 138.0], [177.5, 139.0], [177.5, 140.0], [177.0, 140.5], [176.5, 140.0], [176.0, 139.5], [175.5, 140.0], [175.0, 140.5], [174.5, 141.0], [175.0, 141.5], [176.0, 141.5], [177.0, 141.5], [177.5, 142.0], [177.5, 143.0], [177.5, 144.0], [177.0, 144.5], [176.0, 144.5], [175.0, 144.5], [174.0, 144.5], [173.0, 144.5], [172.5, 145.0], [173.0, 145.5], [173.5, 146.0], [174.0, 146.5], [175.0, 146.5], [175.5, 147.0], [175.5, 148.0], [175.0, 148.5], [174.5, 148.0], [174.0, 147.5], [173.5, 148.0], [173.0, 148.5], [172.0, 148.5], [171.0, 148.5], [170.5, 149.0], [170.0, 149.5], [169.5, 149.0], [169.0, 148.5], [168.0, 148.5], [167.0, 148.5], [166.5, 148.0], [167.0, 147.5], [167.5, 147.0], [167.5, 146.0], [168.0, 145.5], [169.0, 145.5], [170.0, 145.5], [171.0, 145.5], [171.5, 145.0], [171.0, 144.5], [170.0, 144.5], [169.0, 144.5], [168.5, 144.0], [168.0, 143.5], [167.5, 143.0], [167.5, 142.0], [167.5, 141.0], [167.0, 140.5], [166.5, 140.0], [166.0, 139.5], [165.5, 139.0], [166.0, 138.5], [166.5, 138.0], [167.0, 137.5], [167.5, 137.0], [167.0, 136.5], [166.0, 136.5], [165.0, 136.5], [164.5, 137.0], [164.5, 138.0], [164.5, 139.0], [164.0, 139.5], [163.5, 140.0], [163.0, 140.5], [162.0, 140.5], [161.0, 140.5], [160.5, 140.0], [161.0, 139.5], [161.5, 139.0], [162.0, 138.5], [162.5, 138.0], [163.0, 137.5], [163.5, 137.0], [163.0, 136.5], [162.5, 137.0], [162.0, 137.5], [161.5, 138.0], [161.0, 138.5], [160.0, 138.5], [159.5, 138.0], [160.0, 137.5], [160.5, 137.0], [160.0, 136.5], [159.0, 136.5], [158.5, 136.0], [159.0, 135.5], [160.0, 135.5], [160.5, 135.0], [160.0, 134.5], [159.0, 134.5], [158.5, 134.0], [159.0, 133.5], [159.5, 133.0], [159.0, 132.5], [158.5, 132.0], [159.0, 131.5], [159.5, 131.0], [159.5, 130.0], [159.5, 129.0], [160.0, 128.5], [160.5, 129.0], [161.0, 129.5], [161.5, 129.0], [161.0, 128.5], [160.5, 128.0], [161.0, 127.5], [162.0, 127.5], [163.0, 127.5], [163.5, 127.0], [163.5, 126.0], [163.5, 125.0], [163.0, 124.5], [162.5, 124.0], [162.0, 123.5], [161.5, 123.0], [162.0, 122.5], [162.5, 122.0], [163.0, 121.5], [163.5, 121.0], [164.0, 120.5], [164.5, 121.0], [165.0, 121.5], [165.5, 122.0], [165.0, 122.5], [164.5, 123.0], [165.0, 123.5], [166.0, 123.5], [166.5, 123.0], [166.5, 122.0], [167.0, 121.5], [167.5, 121.0], [168.0, 120.5], [168.5, 120.0], [169.0, 119.5], [170.0, 119.5], [170.5, 119.0], [170.5, 118.0], [171.0, 117.5], [172.0, 117.5], [173.0, 117.5], [173.5, 118.0], [173.0, 118.5], [172.5, 119.0], [173.0, 119.5], [173.5, 119.0], [174.0, 118.5], [174.5, 119.0], [175.0, 119.5], [175.5, 119.0], [175.0, 118.5], [174.5, 118.0], [175.0, 117.5], [175.5, 117.0], [176.0, 116.5], [176.5, 117.0], [177.0, 117.5], [177.5, 117.0], [177.0, 116.5], [176.5, 116.0], [176.0, 115.5], [175.5, 116.0], [175.0, 116.5], [174.5, 116.0], [174.5, 115.0], [174.5, 114.0], [174.5, 113.0], [174.5, 112.0], [174.5, 111.0], [174.5, 110.0], [175.0, 109.5], [176.0, 109.5], [177.0, 109.5], [177.5, 109.0], [177.0, 108.5], [176.5, 108.0], [176.0, 107.5], [175.5, 107.0], [175.0, 106.5], [174.5, 106.0], [175.0, 105.5], [175.5, 105.0], [175.0, 104.5], [174.0, 104.5], [173.0, 104.5], [172.5, 105.0], [172.5, 106.0], [172.5, 107.0], [172.5, 108.0], [172.5, 109.0], [173.0, 109.5], [173.5, 110.0], [173.0, 110.5], [172.0, 110.5], [171.0, 110.5], [170.5, 110.0], [170.5, 109.0], [170.0, 108.5], [169.0, 108.5], [168.0, 108.5], [167.0, 108.5], [166.0, 108.5], [165.5, 109.0], [165.5, 110.0], [165.0, 110.5], [164.5, 111.0], [164.0, 111.5], [163.5, 111.0], [163.0, 110.5], [162.5, 110.0], [163.0, 109.5], [164.0, 109.5], [164.5, 109.0], [164.5, 108.0], [164.0, 107.5], [163.5, 108.0], [163.0, 108.5], [162.5, 109.0], [162.0, 109.5], [161.5, 110.0], [161.0, 110.5], [160.5, 110.0], [160.0, 109.5], [159.5, 109.0], [160.0, 108.5], [160.5, 108.0], [160.0, 107.5], [159.5, 108.0], [159.0, 108.5], [158.5, 108.0], [158.0, 107.5], [157.5, 107.0], [158.0, 106.5], [158.5, 106.0], [159.0, 105.5], [159.5, 105.0], [160.0, 104.5], [160.5, 104.0], [160.0, 103.5], [159.5, 103.0], [159.5, 102.0], [159.5, 101.0], [160.0, 100.5], [160.5, 101.0], [161.0, 101.5], [161.5, 101.0], [161.0, 100.5], [160.5, 100.0], [161.0, 99.5], [161.5, 99.0], [161.0, 98.5], [160.5, 99.0], [160.0, 99.5], [159.5, 99.0], [159.5, 98.0], [159.5, 97.0], [160.0, 96.5], [160.5, 97.0], [161.0, 97.5], [161.5, 97.0], [161.0, 96.5], [160.5, 96.0], [160.0, 95.5], [159.5, 95.0], [159.5, 94.0], [159.5, 93.0], [159.5, 92.0], [159.0, 91.5], [158.0, 91.5], [157.5, 91.0], [157.0, 90.5], [156.5, 91.0], [156.0, 91.5], [155.5, 91.0], [155.5, 90.0], [155.5, 89.0], [156.0, 88.5], [156.5, 88.0], [156.0, 87.5], [155.5, 88.0], [155.0, 88.5], [154.5, 89.0], [154.0, 89.5], [153.5, 89.0], [153.0, 88.5], [152.5, 89.0], [152.5, 90.0], [152.5, 91.0], [152.0, 91.5], [151.0, 91.5], [150.0, 91.5], [149.5, 91.0], [149.0, 90.5], [148.5, 91.0], [148.0, 91.5], [147.5, 92.0], [147.0, 92.5], [146.5, 93.0], [147.0, 93.5], [147.5, 93.0], [148.0, 92.5], [148.5, 93.0], [149.0, 93.5], [149.5, 94.0], [149.0, 94.5], [148.5, 95.0], [148.0, 95.5], [147.0, 95.5], [146.0, 95.5], [145.5, 95.0], [145.0, 94.5], [144.5, 95.0], [144.0, 95.5], [143.5, 95.0], [143.5, 94.0], [143.5, 93.0], [143.0, 92.5], [142.5, 92.0], [143.0, 91.5], [143.5, 91.0], [143.0, 90.5], [142.5, 90.0], [143.0, 89.5], [143.5, 89.0], [144.0, 88.5], [144.5, 89.0], [144.5, 90.0], [144.5, 91.0], [144.5, 92.0], [144.5, 93.0], [145.0, 93.5], [145.5, 93.0], [145.5, 92.0], [146.0, 91.5], [146.5, 91.0], [147.0, 90.5], [147.5, 90.0], [147.5, 89.0], [147.0, 88.5], [146.5, 89.0], [146.0, 89.5], [145.5, 89.0], [145.0, 88.5], [144.5, 88.0], [145.0, 87.5], [146.0, 87.5], [147.0, 87.5], [147.5, 87.0], [147.5, 86.0], [147.5, 85.0], [148.0, 84.5], [148.5, 85.0], [149.0, 85.5], [149.5, 86.0], [149.0, 86.5], [148.5, 87.0], [149.0, 87.5], [149.5, 88.0], [149.0, 88.5], [148.5, 89.0], [149.0, 89.5], [150.0, 89.5], [150.5, 89.0], [151.0, 88.5], [151.5, 88.0], [151.5, 87.0], [151.5, 86.0], [151.5, 85.0], [151.0, 84.5], [150.5, 84.0], [151.0, 83.5], [151.5, 83.0], [151.5, 82.0], [151.5, 81.0], [151.5, 80.0], [151.5, 79.0], [151.5, 78.0], [152.0, 77.5], [153.0, 77.5], [153.5, 77.0], [153.0, 76.5], [152.5, 76.0], [152.0, 75.5], [151.5, 75.0], [152.0, 74.5], [152.5, 74.0], [153.0, 73.5], [153.5, 73.0], [154.0, 72.5], [154.5, 73.0], [155.0, 73.5], [156.0, 73.5], [157.0, 73.5], [157.5, 74.0], [157.0, 74.5], [156.5, 75.0], [157.0, 75.5], [157.5, 75.0], [158.0, 74.5], [158.5, 74.0], [159.0, 73.5], [159.5, 73.0], [160.0, 72.5], [160.5, 73.0], [161.0, 73.5], [161.5, 74.0], [162.0, 74.5], [162.5, 74.0], [163.0, 73.5], [163.5, 73.0], [163.0, 72.5], [162.5, 72.0], [162.0, 71.5], [161.5, 71.0], [162.0, 70.5], [162.5, 70.0], [163.0, 69.5], [163.5, 69.0], [163.0, 68.5], [162.5, 68.0], [163.0, 67.5], [163.5, 67.0], [163.0, 66.5], [162.5, 66.0], [163.0, 65.5], [163.5, 65.0], [164.0, 64.5], [164.5, 64.0], [164.0, 63.5], [163.5, 63.0], [163.5, 62.0], [163.5, 61.0], [164.0, 60.5], [164.5, 61.0], [165.0, 61.5], [165.5, 62.0], [165.5, 63.0], [165.5, 64.0], [166.0, 64.5], [166.5, 65.0], [166.0, 65.5], [165.5, 66.0], [166.0, 66.5], [166.5, 67.0], [166.5, 68.0], [167.0, 68.5], [167.5, 68.0], [167.5, 67.0], [167.5, 66.0], [167.5, 65.0], [167.5, 64.0], [168.0, 63.5], [169.0, 63.5], [169.5, 64.0], [169.0, 64.5], [168.5, 65.0], [169.0, 65.5], [169.5, 66.0], [169.0, 66.5], [168.5, 67.0], [169.0, 67.5], [169.5, 67.0], [170.0, 66.5], [170.5, 66.0], [170.0, 65.5], [169.5, 65.0], [170.0, 64.5], [170.5, 64.0], [170.0, 63.5], [169.5, 63.0], [170.0, 62.5], [170.5, 62.0], [171.0, 61.5], [171.5, 61.0], [171.0, 60.5], [170.5, 60.0], [170.0, 59.5], [169.5, 59.0], [170.0, 58.5], [170.5, 58.0], [170.0, 57.5], [169.5, 57.0], [169.0, 56.5], [168.0, 56.5], [167.5, 56.0], [167.0, 55.5], [166.0, 55.5], [165.5, 55.0], [165.0, 54.5], [164.0, 54.5], [163.5, 54.0], [163.0, 53.5], [162.0, 53.5], [161.5, 54.0], [162.0, 54.5], [162.5, 55.0], [162.5, 56.0], [162.5, 57.0], [163.0, 57.5], [164.0, 57.5], [165.0, 57.5], [165.5, 58.0], [165.0, 58.5], [164.0, 58.5], [163.0, 58.5], [162.5, 59.0], [162.0, 59.5], [161.5, 59.0], [161.0, 58.5], [160.5, 59.0], [160.0, 59.5], [159.5, 59.0], [159.5, 58.0], [159.5, 57.0], [159.5, 56.0], [159.0, 55.5], [158.0, 55.5], [157.5, 56.0], [157.0, 56.5], [156.5, 56.0], [156.0, 55.5], [155.0, 55.5], [154.0, 55.5], [153.5, 55.0], [154.0, 54.5], [155.0, 54.5], [155.5, 54.0], [155.0, 53.5], [154.0, 53.5], [153.5, 53.0], [154.0, 52.5], [154.5, 52.0], [155.0, 51.5], [155.5, 51.0], [155.5, 50.0], [155.0, 49.5], [154.0, 49.5], [153.5, 50.0], [153.0, 50.5], [152.0, 50.5], [151.5, 51.0], [152.0, 51.5], [152.5, 52.0], [152.5, 53.0], [153.0, 53.5], [153.5, 54.0], [153.0, 54.5], [152.5, 55.0], [152.0, 55.5], [151.0, 55.5], [150.0, 55.5], [149.5, 56.0], [149.0, 56.5], [148.5, 56.0], [148.0, 55.5], [147.0, 55.5], [146.0, 55.5], [145.5, 56.0], [145.0, 56.5], [144.5, 56.0], [144.0, 55.5], [143.5, 56.0], [144.0, 56.5], [144.5, 57.0], [145.0, 57.5], [145.5, 58.0], [145.0, 58.5], [144.5, 59.0], [144.5, 60.0], [144.5, 61.0], [144.5, 62.0], [144.5, 63.0], [144.5, 64.0], [144.5, 65.0], [144.5, 66.0], [144.5, 67.0], [144.0, 67.5], [143.0, 67.5], [142.0, 67.5], [141.5, 67.0], [141.0, 66.5], [140.5, 67.0], [140.5, 68.0], [140.5, 69.0], [140.5, 70.0], [140.5, 71.0], [140.0, 71.5], [139.5, 72.0], [139.0, 72.5], [138.5, 73.0], [138.0, 73.5], [137.5, 73.0], [137.0, 72.5], [136.5, 72.0], [136.0, 71.5], [135.0, 71.5], [134.0, 71.5], [133.5, 72.0], [133.0, 72.5], [132.5, 72.0], [132.0, 71.5], [131.5, 71.0], [131.0, 70.5], [130.5, 70.0], [131.0, 69.5], [131.5, 69.0], [132.0, 68.5], [132.5, 68.0], [132.0, 67.5], [131.5, 68.0], [131.0, 68.5], [130.5, 69.0], [130.0, 69.5], [129.5, 69.0], [129.0, 68.5], [128.5, 68.0], [129.0, 67.5], [129.5, 67.0], [129.0, 66.5], [128.5, 67.0], [128.0, 67.5], [127.5, 68.0], [127.0, 68.5], [126.5, 69.0], [126.0, 69.5], [125.5, 70.0], [126.0, 70.5], [126.5, 71.0], [126.0, 71.5], [125.5, 72.0], [125.0, 72.5], [124.5, 73.0], [124.5, 74.0], [125.0, 74.5], [126.0, 74.5], [126.5, 74.0], [127.0, 73.5], [127.5, 73.0], [127.0, 72.5], [126.5, 72.0], [127.0, 71.5], [127.5, 71.0], [127.0, 70.5], [126.5, 70.0], [127.0, 69.5], [127.5, 69.0], [128.0, 68.5], [128.5, 69.0], [129.0, 69.5], [129.5, 70.0], [129.0, 70.5], [128.5, 71.0], [129.0, 71.5], [129.5, 72.0], [129.0, 72.5], [128.5, 73.0], [128.5, 74.0], [128.5, 75.0], [128.0, 75.5], [127.5, 76.0], [127.0, 76.5], [126.5, 77.0], [127.0, 77.5], [127.5, 77.0], [128.0, 76.5], [128.5, 77.0], [129.0, 77.5], [129.5, 78.0], [130.0, 78.5], [130.5, 79.0], [131.0, 79.5], [131.5, 79.0], [131.5, 78.0], [131.5, 77.0], [132.0, 76.5], [132.5, 77.0], [132.5, 78.0], [132.5, 79.0], [133.0, 79.5], [133.5, 79.0], [134.0, 78.5], [134.5, 79.0], [135.0, 79.5], [135.5, 79.0], [135.5, 78.0], [136.0, 77.5], [136.5, 78.0], [136.5, 79.0], [136.5, 80.0], [136.0, 80.5], [135.0, 80.5], [134.0, 80.5], [133.0, 80.5], [132.0, 80.5], [131.0, 80.5], [130.0, 80.5], [129.0, 80.5], [128.5, 81.0], [128.5, 82.0], [128.5, 83.0], [128.0, 83.5], [127.5, 84.0], [127.0, 84.5], [126.5, 85.0], [126.5, 86.0], [126.5, 87.0], [126.0, 87.5], [125.5, 87.0], [125.0, 86.5], [124.5, 87.0], [124.0, 87.5], [123.5, 88.0], [123.0, 88.5], [122.5, 88.0], [122.0, 87.5], [121.0, 87.5], [120.5, 88.0], [120.5, 89.0], [120.5, 90.0], [120.5, 91.0], [120.0, 91.5], [119.5, 92.0], [119.0, 92.5], [118.5, 93.0], [119.0, 93.5], [119.5, 93.0], [120.0, 92.5], [120.5, 93.0], [120.5, 94.0], [120.5, 95.0], [120.5, 96.0], [120.5, 97.0], [121.0, 97.5], [122.0, 97.5], [123.0, 97.5], [124.0, 97.5], [125.0, 97.5], [125.5, 97.0], [126.0, 96.5], [126.5, 97.0], [127.0, 97.5], [127.5, 97.0], [128.0, 96.5], [128.5, 97.0], [129.0, 97.5], [129.5, 98.0], [129.0, 98.5], [128.5, 99.0], [129.0, 99.5], [129.5, 100.0], [129.0, 100.5], [128.5, 101.0], [129.0, 101.5], [129.5, 101.0], [130.0, 100.5], [130.5, 101.0], [131.0, 101.5], [132.0, 101.5], [133.0, 101.5], [134.0, 101.5], [135.0, 101.5], [135.5, 101.0], [136.0, 100.5], [136.5, 101.0], [136.5, 102.0], [136.5, 103.0], [136.0, 103.5], [135.5, 103.0], [135.0, 102.5], [134.5, 103.0], [134.0, 103.5], [133.5, 104.0], [133.0, 104.5], [132.5, 104.0], [132.0, 103.5], [131.5, 104.0], [131.0, 104.5], [130.5, 104.0], [130.0, 103.5], [129.5, 103.0], [129.0, 102.5], [128.0, 102.5], [127.5, 102.0], [127.5, 101.0], [127.0, 100.5], [126.5, 101.0], [126.5, 102.0], [126.0, 102.5], [125.0, 102.5], [124.5, 103.0], [124.5, 104.0], [125.0, 104.5], [125.5, 105.0], [126.0, 105.5], [126.5, 106.0], [126.0, 106.5], [125.5, 107.0], [125.0, 107.5], [124.0, 107.5], [123.5, 108.0], [124.0, 108.5], [124.5, 109.0], [125.0, 109.5], [126.0, 109.5], [127.0, 109.5], [128.0, 109.5], [129.0, 109.5], [129.5, 110.0], [129.0, 110.5], [128.5, 111.0], [129.0, 111.5], [129.5, 112.0], [129.0, 112.5], [128.0, 112.5], [127.5, 113.0], [128.0, 113.5], [129.0, 113.5], [129.5, 113.0], [130.0, 112.5], [130.5, 113.0], [130.5, 114.0], [130.5, 115.0], [131.0, 115.5], [131.5, 115.0], [132.0, 114.5], [132.5, 115.0], [132.5, 116.0], [132.0, 116.5], [131.0, 116.5], [130.5, 117.0], [131.0, 117.5], [132.0, 117.5], [132.5, 118.0], [132.5, 119.0], [133.0, 119.5], [133.5, 120.0], [133.5, 121.0], [134.0, 121.5], [135.0, 121.5], [136.0, 121.5], [137.0, 121.5], [137.5, 121.0], [138.0, 120.5], [138.5, 121.0], [139.0, 121.5], [139.5, 121.0], [140.0, 120.5], [140.5, 120.0], [140.0, 119.5], [139.5, 120.0], [139.0, 120.5], [138.5, 120.0], [138.0, 119.5], [137.5, 120.0], [137.0, 120.5], [136.5, 120.0], [136.5, 119.0], [136.5, 118.0], [137.0, 117.5], [137.5, 117.0], [138.0, 116.5], [138.5, 117.0], [139.0, 117.5], [139.5, 117.0], [140.0, 116.5], [140.5, 116.0], [140.0, 115.5], [139.5, 115.0], [140.0, 114.5], [140.5, 114.0], [141.0, 113.5], [141.5, 113.0], [142.0, 112.5], [142.5, 112.0], [143.0, 111.5], [143.5, 111.0], [144.0, 110.5], [144.5, 111.0], [145.0, 111.5], [145.5, 111.0], [146.0, 110.5], [146.5, 110.0], [147.0, 109.5], [148.0, 109.5], [149.0, 109.5], [149.5, 110.0], [149.0, 110.5], [148.5, 111.0], [148.5, 112.0], [148.5, 113.0], [149.0, 113.5], [149.5, 114.0], [149.0, 114.5], [148.5, 115.0], [148.0, 115.5], [147.5, 116.0], [147.0, 116.5], [146.5, 117.0], [146.0, 117.5], [145.5, 117.0], [145.5, 116.0], [146.0, 115.5], [146.5, 115.0], [146.5, 114.0], [147.0, 113.5], [147.5, 113.0], [147.0, 112.5], [146.0, 112.5], [145.5, 113.0], [145.0, 113.5], [144.0, 113.5], [143.5, 114.0], [143.0, 114.5], [142.5, 115.0], [143.0, 115.5], [144.0, 115.5], [144.5, 116.0], [144.0, 116.5], [143.0, 116.5], [142.5, 117.0], [143.0, 117.5], [144.0, 117.5], [145.0, 117.5], [145.5, 118.0], [145.0, 118.5], [144.5, 119.0], [144.0, 119.5], [143.5, 120.0], [143.0, 120.5], [142.5, 121.0], [142.0, 121.5], [141.5, 122.0], [142.0, 122.5], [142.5, 123.0], [142.0, 123.5], [141.5, 124.0], [141.0, 124.5], [140.5, 124.0], [140.0, 123.5], [139.5, 124.0], [139.0, 124.5], [138.5, 125.0], [139.0, 125.5], [139.5, 125.0], [140.0, 124.5], [140.5, 125.0], [141.0, 125.5], [141.5, 125.0], [142.0, 124.5], [142.5, 125.0], [143.0, 125.5], [143.5, 126.0], [144.0, 126.5], [144.5, 127.0], [145.0, 127.5], [145.5, 128.0], [145.0, 128.5], [144.5, 129.0], [144.0, 129.5], [143.5, 129.0], [143.0, 128.5], [142.5, 129.0], [142.0, 129.5], [141.5, 129.0], [141.5, 128.0], [141.0, 127.5], [140.0, 127.5], [139.5, 128.0], [140.0, 128.5], [140.5, 129.0], [141.0, 129.5], [141.5, 130.0], [141.0, 130.5], [140.5, 131.0], [140.0, 131.5], [139.5, 132.0], [139.0, 132.5], [138.5, 133.0], [139.0, 133.5], [140.0, 133.5], [140.5, 134.0], [140.5, 135.0], [140.0, 135.5], [139.0, 135.5], [138.5, 136.0], [138.5, 137.0], [139.0, 137.5], [140.0, 137.5], [141.0, 137.5], [141.5, 137.0], [142.0, 136.5], [142.5, 137.0], [143.0, 137.5], [143.5, 137.0], [144.0, 136.5], [144.5, 137.0], [145.0, 137.5], [145.5, 138.0], [145.5, 139.0], [146.0, 139.5], [147.0, 139.5], [147.5, 140.0], [147.0, 140.5], [146.5, 141.0], [147.0, 141.5], [148.0, 141.5], [149.0, 141.5], [149.5, 142.0], [149.0, 142.5], [148.0, 142.5], [147.0, 142.5], [146.0, 142.5], [145.0, 142.5], [144.5, 143.0], [144.0, 143.5], [143.5, 144.0], [143.0, 144.5], [142.5, 145.0], [143.0, 145.5], [144.0, 145.5], [145.0, 145.5], [145.5, 146.0], [145.0, 146.5], [144.5, 147.0], [144.0, 147.5], [143.5, 147.0], [143.0, 146.5], [142.5, 147.0], [143.0, 147.5], [143.5, 148.0], [143.0, 148.5], [142.0, 148.5], [141.0, 148.5], [140.5, 148.0], [140.0, 147.5], [139.5, 148.0], [139.0, 148.5], [138.5, 149.0], [139.0, 149.5], [140.0, 149.5], [141.0, 149.5], [142.0, 149.5], [143.0, 149.5], [144.0, 149.5], [145.0, 149.5], [146.0, 149.5], [147.0, 149.5], [148.0, 149.5], [148.5, 150.0], [149.0, 150.5], [149.5, 150.0], [150.0, 149.5], [151.0, 149.5], [152.0, 149.5], [153.0, 149.5], [154.0, 149.5], [155.0, 149.5], [155.5, 150.0], [155.5, 151.0], [155.0, 151.5], [154.5, 152.0], [154.0, 152.5], [153.0, 152.5], [152.5, 152.0], [152.5, 151.0], [152.0, 150.5], [151.5, 151.0], [151.5, 152.0], [151.5, 153.0], [151.0, 153.5], [150.0, 153.5], [149.5, 154.0], [149.0, 154.5], [148.0, 154.5], [147.0, 154.5], [146.5, 155.0], [147.0, 155.5], [147.5, 156.0], [147.0, 156.5], [146.5, 157.0], [146.5, 158.0], [146.0, 158.5], [145.0, 158.5], [144.5, 159.0], [145.0, 159.5], [145.5, 160.0], [145.0, 160.5], [144.5, 161.0], [145.0, 161.5], [145.5, 162.0], [145.0, 162.5], [144.5, 163.0], [145.0, 163.5], [146.0, 163.5], [147.0, 163.5], [148.0, 163.5], [149.0, 163.5], [150.0, 163.5], [151.0, 163.5], [152.0, 163.5], [152.5, 163.0], [152.0, 162.5], [151.0, 162.5], [150.0, 162.5], [149.0, 162.5], [148.0, 162.5], [147.5, 162.0], [148.0, 161.5], [149.0, 161.5], [150.0, 161.5], [151.0, 161.5], [152.0, 161.5], [152.5, 161.0], [152.5, 160.0], [153.0, 159.5], [154.0, 159.5], [155.0, 159.5], [156.0, 159.5], [157.0, 159.5], [157.5, 160.0], [157.0, 160.5], [156.0, 160.5], [155.0, 160.5], [154.0, 160.5], [153.5, 161.0], [154.0, 161.5], [154.5, 162.0], [154.5, 163.0], [155.0, 163.5], [155.5, 164.0], [155.0, 164.5], [154.5, 165.0], [155.0, 165.5], [155.5, 166.0], [155.5, 167.0], [156.0, 167.5], [156.5, 168.0], [156.0, 168.5], [155.5, 169.0], [155.0, 169.5], [154.5, 169.0], [154.0, 168.5], [153.5, 169.0], [153.5, 170.0], [153.0, 170.5], [152.5, 170.0], [152.5, 169.0], [152.5, 168.0], [152.5, 167.0], [152.5, 166.0], [152.0, 165.5], [151.5, 165.0], [151.0, 164.5], [150.0, 164.5], [149.0, 164.5], [148.0, 164.5], [147.0, 164.5], [146.0, 164.5], [145.0, 164.5], [144.0, 164.5], [143.0, 164.5], [142.5, 165.0], [142.0, 165.5], [141.5, 165.0], [141.0, 164.5], [140.0, 164.5], [139.5, 165.0], [139.5, 166.0], [139.0, 166.5], [138.5, 166.0], [138.5, 165.0], [138.5, 164.0], [139.0, 163.5], [140.0, 163.5], [140.5, 163.0], [140.5, 162.0], [140.5, 161.0], [141.0, 160.5], [141.5, 161.0], [142.0, 161.5], [143.0, 161.5], [143.5, 161.0], [143.0, 160.5], [142.0, 160.5], [141.5, 160.0], [142.0, 159.5], [142.5, 159.0], [142.5, 158.0], [143.0, 157.5], [144.0, 157.5], [144.5, 157.0], [144.5, 156.0], [145.0, 155.5], [145.5, 155.0], [145.5, 154.0], [145.5, 153.0], [145.5, 152.0], [145.0, 151.5], [144.0, 151.5], [143.5, 152.0], [143.0, 152.5], [142.0, 152.5], [141.0, 152.5], [140.5, 152.0], [141.0, 151.5], [141.5, 151.0], [141.0, 150.5], [140.5, 151.0], [140.0, 151.5], [139.5, 152.0], [139.0, 152.5], [138.5, 153.0], [139.0, 153.5], [140.0, 153.5], [141.0, 153.5], [142.0, 153.5], [143.0, 153.5], [144.0, 153.5], [144.5, 154.0], [144.5, 155.0], [144.0, 155.5], [143.5, 156.0], [143.0, 156.5], [142.0, 156.5], [141.5, 156.0], [141.0, 155.5], [140.0, 155.5], [139.5, 155.0], [139.0, 154.5], [138.5, 155.0], [139.0, 155.5], [139.5, 156.0], [139.0, 156.5], [138.5, 157.0], [139.0, 157.5], [140.0, 157.5], [140.5, 158.0], [140.5, 159.0], [140.0, 159.5], [139.5, 160.0], [139.0, 160.5], [138.0, 160.5], [137.0, 160.5], [136.0, 160.5], [135.5, 160.0], [135.0, 159.5], [134.0, 159.5], [133.0, 159.5], [132.0, 159.5], [131.0, 159.5], [130.0, 159.5], [129.5, 159.0], [129.0, 158.5], [128.5, 159.0], [128.0, 159.5], [127.5, 159.0], [127.0, 158.5], [126.5, 159.0], [126.0, 159.5], [125.5, 159.0], [125.0, 158.5], [124.5, 159.0], [124.0, 159.5], [123.5, 160.0], [123.5, 161.0], [124.0, 161.5], [124.5, 162.0], [125.0, 162.5], [125.5, 163.0], [126.0, 163.5], [127.0, 163.5], [127.5, 164.0], [127.0, 164.5], [126.5, 165.0], [126.5, 166.0], [126.0, 166.5], [125.5, 166.0], [125.5, 165.0], [125.0, 164.5], [124.0, 164.5], [123.0, 164.5], [122.0, 164.5], [121.5, 165.0], [122.0, 165.5], [123.0, 165.5], [124.0, 165.5], [124.5, 166.0], [124.5, 167.0], [124.0, 167.5], [123.5, 168.0], [123.0, 168.5], [122.0, 168.5], [121.5, 168.0], [122.0, 167.5], [122.5, 167.0], [122.0, 166.5], [121.5, 167.0], [121.0, 167.5], [120.5, 168.0], [120.5, 169.0], [120.5, 170.0], [120.5, 171.0], [120.0, 171.5], [119.0, 171.5], [118.5, 172.0], [118.5, 173.0], [119.0, 173.5], [120.0, 173.5], [121.0, 173.5], [122.0, 173.5], [123.0, 173.5], [124.0, 173.5], [124.5, 174.0], [124.0, 174.5], [123.0, 174.5], [122.0, 174.5], [121.0, 174.5], [120.0, 174.5], [119.0, 174.5], [118.0, 174.5], [117.0, 174.5], [116.5, 174.0], [117.0, 173.5], [117.5, 173.0], [117.5, 172.0], [117.0, 171.5], [116.5, 172.0], [116.0, 172.5], [115.0, 172.5], [114.5, 173.0], [115.0, 173.5], [115.5, 174.0], [115.0, 174.5], [114.5, 175.0], [115.0, 175.5], [115.5, 176.0], [115.0, 176.5]]]}, "properties": {}}, {"type": "Feature", "geometry": {"type": "Polygon", "coordinates": [[[125.90113789129404, 87.56582280214081], [125.52183963952112, 87.87710483276926], [125.17487878698142, 88.22406568530899], [124.863596756353, 88.60336393708192], [124.59099136375488, 89.011346738578], [124.35968794813904, 89.44408499239272], [124.17191408784117, 89.89741119258305], [124.02947814778358, 90.36695956002784], [123.93375186393241, 90.84820808726737], [123.88565713273047, 91.3365220879071], [123.8856571327305, 91.82719883118129], [123.93375186393249, 92.31551283182101], [124.02947814778369, 92.79676135906053], [124.17191408784134, 93.26630972650531], [124.35968794813925, 93.71963592669562], [124.59099136375515, 94.15237418051031], [124.86359675635332, 94.56035698200635], [125.17487878698178, 94.93965523377926], [125.5218396395215, 95.28661608631896], [125.90113789129445, 95.59789811694736], [126.30912069279054, 95.87050350954547], [126.74185894660526, 96.1018069251613], [127.1951851467956, 96.28958078545917], [127.6647335142404, 96.43201672551675], [127.85451338971424, 96.46976628982826], [127.9970731973203, 96.50547566268095], [128.0867924858099, 96.58679248580991], [129.41320751418988, 97.91320751418986], [129.49493749825237, 98.00338265552223], [129.51383999672584, 98.04334863065823], [129.7451434123417, 98.4760868844729], [130.01774880493986, 98.88406968596894], [130.3290308355683, 99.26336793774185], [130.67599168810798, 99.61032879028153], [131.0552899398809, 99.92161082090993], [131.46327274137695, 100.19421621350806], [131.89601099519163, 100.4255196291239], [132.34933719538193, 100.61329348942176], [132.81888556282672, 100.75572942947937], [133.30013409006622, 100.85145571333055], [133.7884480907059, 100.8995504445325], [134.2791248339801, 100.8995504445325], [134.76743883461978, 100.85145571333054], [135.24868736185928, 100.75572942947935], [135.71823572930404, 100.61329348942174], [135.82602182094922, 100.56864702842712], [135.9993469726961, 100.50663029748438], [136.1016750272228, 100.56796337303624], [136.44056215355994, 100.74910231589381], [136.47765498583826, 100.93558057648136], [136.49401364191425, 101.00088799233839], [136.5, 101.12274311054483], [136.5, 102.87725688945517], [136.49409027469235, 102.99755211162767], [136.41320751418988, 103.08679248581014], [136.08679248581012, 103.41320751418988], [135.9975521116277, 103.49409027469234], [135.7640305649078, 103.505562452636], [135.74529269181443, 103.505562452636], [135.25697869117502, 103.5536571838381], [134.77573016393583, 103.64938346768936], [134.3061817964914, 103.79181940774698], [133.8528555963014, 103.97959326804482], [133.42011734248698, 104.21089668366058], [133.01213454099118, 104.48350207625856], [132.9971298448329, 104.49463031736099], [132.77530971795517, 104.57399882786056], [132.7583863202925, 104.5791324844169], [132.3050601201022, 104.7669063447148], [131.87232186628754, 104.99820976033065], [131.4643390647915, 105.27081515292879], [131.0850408130186, 105.58209718355721], [130.7380799604789, 105.9290580360969], [130.4267979298505, 106.30835628786983], [130.15419253725236, 106.71633908936587], [129.92288912163653, 107.14907734318055], [129.73511526133865, 107.60240354337084], [129.59267932128103, 108.0719519108156], [129.49695303742985, 108.5532004380551], [129.4488583062279, 109.04151443869479], [129.44885830622786, 109.53219118196895], [129.49301122128307, 109.98048325163407], [129.505562452636, 110.23596943509261], [129.505562452636, 110.25470730818557], [129.55365718383808, 110.74302130882498], [129.64938346768935, 111.22426983606415], [129.79181940774697, 111.69381820350861], [129.97959326804482, 112.14714440369862], [130.2108966836606, 112.57988265751302], [130.48350207625856, 112.98786545900883], [130.58898355301704, 113.13009076618171], [130.68646972784683, 113.27598913721219], [130.99775175847518, 113.65528738898502], [131.34471261101478, 114.00224824152463], [131.72401086278757, 114.31353027215299], [131.8699092338181, 114.41101644698283], [131.99617461969248, 114.50466123939181], [132.08679248580987, 114.58679248580987], [132.46446609406726, 114.96446609406726], [132.82803357918178, 115.29398445494822], [133.222148834902, 115.58628024964725], [133.64301631587, 115.8385385098763], [134.08658283817456, 116.04832985069096], [134.54857661372768, 116.21363386679558], [135.02454838991935, 116.33285859015068], [135.5099142983522, 116.40485582149552], [136.0, 116.42893218813452], [136.4900857016478, 116.4048558214955], [136.97545161008065, 116.33285859015068], [137.45142338627232, 116.21363386679558], [137.91341716182544, 116.04832985069096], [138.35698368413, 115.8385385098763], [138.777851165098, 115.58628024964725], [139.17196642081822, 115.29398445494822], [139.53553390593274, 114.96446609406726], [143.91320751419013, 110.58679248580987], [144.0024478883723, 110.50590972530765], [144.23596943509204, 110.494437547364], [144.25470730818557, 110.494437547364], [144.74302130882498, 110.4463428161619], [145.22426983606417, 110.35061653231064], [145.6938182035086, 110.20818059225302], [146.14714440369863, 110.02040673195518], [146.57988265751302, 109.78910331633942], [146.98786545900882, 109.51649792374144], [147.00212029197272, 109.50592581908674], [147.12274311054455, 109.5], [148.87725688945525, 109.5], [148.99850792893304, 109.50595668160082], [149.06847846775364, 109.5390502818131], [149.36222453284842, 109.69606082474802], [149.81555073303878, 109.88383468504594], [150.2850991004836, 110.02627062510358], [150.76634762772312, 110.12199690895477], [151.2546616283629, 110.17009164015674], [151.7453383716371, 110.17009164015674], [152.23365237227688, 110.12199690895477], [152.7149008995164, 110.02627062510358], [153.18444926696122, 109.88383468504594], [153.63777546715158, 109.69606082474802], [153.93152153224636, 109.5390502818131], [154.0020388103413, 109.50569809318247], [154.13829287725628, 109.47156822614724], [154.3426021996443, 109.43092857515329], [154.81215056708905, 109.28849263509566], [155.26547676727932, 109.10071877479777], [155.698215021094, 108.86941535918191], [156.10619782259005, 108.59680996658378], [156.48549607436294, 108.28552793595536], [156.83245692690264, 107.93856708341568], [157.14373895753104, 107.55926883164277], [157.41634435012915, 107.15128603014672], [157.50486089980114, 107.00360508899298], [157.58679248581012, 106.91320751418986], [158.03553390593274, 106.46446609406726], [158.36505226681368, 106.10089860895275], [158.65734806151272, 105.70678335323254], [158.90960632174176, 105.28591587226451], [159.11939766255642, 104.84234934995997], [159.28470167866104, 104.38035557440683], [159.40392640201614, 103.90438379821516], [159.475923633361, 103.41901788978232], [159.5, 102.92893218813452], [159.5, 101.12274311054483], [159.5060009463388, 101.00059104162621], [159.53904373300298, 100.77783466798729], [159.54898355340887, 100.72770636940773], [159.5967753422097, 100.23333109580432], [159.59528268982552, 99.73665339526192], [159.54452032521075, 99.24257430385455], [159.50540960642422, 98.98737195788763], [159.5, 98.87725688945517], [159.5, 97.12274311054483], [159.506991277097, 96.98043239593966], [159.5511720999574, 96.53157146527305], [159.55108065069632, 96.04027501664636], [159.50277349771935, 95.55135924908777], [159.4067170411951, 95.06954458974647], [159.26383869548678, 94.59948290536472], [159.07551793507008, 94.1457125890237], [158.84357297586118, 93.71261474246505], [158.570243220545, 93.30437087704273], [158.25816763739238, 92.92492254169773], [157.91035928131598, 92.57793326774306], [157.53017620316155, 92.26675319787807], [157.12128902810193, 91.99438674093464], [156.6876455161608, 91.76346356464532], [156.23343244703054, 91.57621320649504], [155.82403940959725, 91.4305318299047], [155.71823572930404, 91.38670651057826], [155.24868736185928, 91.24427057052065], [154.76743883461978, 91.14854428666946], [154.2791248339801, 91.1004495554675], [153.7884480907059, 91.1004495554675], [153.30013409006622, 91.14854428666945], [152.81888556282672, 91.24427057052063], [152.34933719538193, 91.38670651057824], [151.89601099519163, 91.5744803708761], [151.46327274137695, 91.80578378649194], [151.0552899398809, 92.07838917909007], [150.67599168810798, 92.38967120971847], [150.3290308355683, 92.73663206225815], [150.01774880493986, 93.11593031403106], [149.7451434123417, 93.5239131155271], [149.51383999672584, 93.95665136934177], [149.49493749825237, 93.99661734447777], [149.41320751418988, 94.08679248581014], [148.08679248581012, 95.41320751418988], [147.9975521116277, 95.49409027469234], [147.87725688945525, 95.5], [146.12274311054455, 95.5], [146.00059104162636, 95.49399905366123], [145.77783466798763, 95.46095626699706], [145.7277063694083, 95.45101644659123], [145.2333310958048, 95.40322465779035], [144.7366533952623, 95.40471731017446], [144.2425743038548, 95.45547967478922], [143.9995705804179, 95.49272090882022], [143.8983249727772, 95.43203662696376], [143.55943784644006, 95.25089768410619], [143.52234501416174, 95.06441942351864], [143.50598635808575, 94.99911200766161], [143.49397728102588, 94.75466162836298], [143.48927563092394, 94.75489260562121], [143.47923797830308, 94.53483011130626], [143.41712433783024, 94.08342994223611], [143.314174920482, 93.63955875096886], [143.17124470147297, 93.20690280282602], [142.98952068892652, 92.78905522268063], [142.7705120659991, 92.3894861547427], [142.5160376574032, 92.0115139436754], [142.50632357945872, 91.99841602580382], [142.53904373300298, 91.77783466798729], [142.54898355340887, 91.72770636940773], [142.5967753422097, 91.23333109580432], [142.59528268982552, 90.73665339526192], [142.54452032521075, 90.24257430385455], [142.50745821597846, 90.00073939219807], [142.58679248581012, 89.91320751418986], [143.9132075141899, 88.5867924858101], [144.08454258074482, 88.43150343328433], [144.4315034332845, 88.08454258074464], [144.58679248580992, 87.91320751419008], [144.91320751419013, 87.58679248580987], [145.00338265552213, 87.50506250174769], [145.08451755414004, 87.4666885526059], [145.51725580795474, 87.23538513699006], [145.9252386094508, 86.96277974439194], [146.3045368612237, 86.65149771376352], [146.6514977137634, 86.30453686122382], [146.96277974439184, 85.92523860945091], [147.23538513698998, 85.51725580795488], [147.46668855260583, 85.08451755414019], [147.50506250174763, 85.00338265552223], [147.58679248581012, 84.91320751418986], [147.91320751419013, 84.58679248580987], [148.00315695638378, 84.50526706352281], [148.18444926696117, 84.44039963756788], [148.6562468925447, 84.24384316795324], [149.10551368344517, 84.00014910596653], [149.52755520702166, 83.71186383469718], [149.9179615101144, 83.38199967514194], [150.27265319907661, 83.01400341016806], [150.58792406575793, 82.611720268742], [150.8604798140357, 82.17935374675591], [151.08747248223747, 81.72142168428783], [151.26653020177096, 81.24270905824892], [151.39578198101117, 80.7482179836916], [151.47387725547463, 80.24311544622017], [151.5, 79.7326793116528], [151.5, 78.12274311054483], [151.50598635808575, 78.00088799233846], [151.55291863198144, 77.81352385226575], [151.58283557762553, 77.71490089951634], [151.6785618614767, 77.23365237227682], [151.72665659267867, 76.74533837163709], [151.72665659267867, 76.25466162836291], [151.6785618614767, 75.76634762772318], [151.58283557762553, 75.28509910048366], [151.55291863198144, 75.18647614773425], [151.50662442994664, 75.00165933332033], [151.58679248581012, 74.91320751418986], [153.91320751419013, 72.58679248580987], [154.0003822985988, 72.50778186675122], [154.0115139436754, 72.51603765740319], [154.4376147138151, 72.79945065369122], [154.89045282926224, 73.03782522023913], [155.36528463337578, 73.2286642900883], [155.8571360770107, 73.3699687492283], [156.36085482363126, 73.46025837809911], [156.87116422205435, 73.49858735747084], [156.89052269246338, 73.49904762380906], [157.36300706140273, 73.48793859477718], [157.832331816716, 73.43226846393304], [158.29430373152027, 73.33253462138141], [158.744795273589, 73.18962814867083], [159.1797814831831, 73.00482585734026], [159.59537593443832, 72.77977888112437], [159.98786545900882, 72.51649792374144], [160.13009076618167, 72.41101644698298], [160.27598913721243, 72.31353027215299], [160.65528738898522, 72.00224824152463], [161.00224824152482, 71.65528738898502], [161.31353027215317, 71.27598913721219], [161.41101644698296, 71.13009076618171], [161.51649792374144, 70.98786545900883], [161.78989089264363, 70.5785682091048], [162.02171619824094, 70.1443735731305], [162.20972728683242, 69.68948920893361], [162.3521021959459, 69.21832327268706], [162.4474612104628, 68.73544170068983], [162.49488023304858, 68.24552396216512], [162.50667712579005, 67.99603261003804], [162.53904373300298, 67.77783466798729], [162.54898355340887, 67.72770636940773], [162.5967753422097, 67.23333109580432], [162.59528268982552, 66.73665339526192], [162.54452032521075, 66.24257430385455], [162.50706054202388, 65.99814451976184], [162.56864702842716, 65.82602182094911], [162.61329348942195, 65.7182357293035], [162.7557294294795, 65.24868736185873], [162.8514557133306, 64.76743883461924], [162.8995504445325, 64.27912483397955], [162.89955044453248, 63.7884480907054], [162.85145571333047, 63.30013409006572], [162.75572942947926, 62.818885562826246], [162.6132934894216, 62.34933719538151], [162.4255196291237, 61.89601099519124], [162.19421621350784, 61.463272741376585], [161.92161082090968, 61.055289939880566], [161.61032879028127, 60.675991688107686], [161.26336793774158, 60.32903083556802], [160.88406968596865, 60.01774880493963], [160.4760868844726, 59.74514341234152], [160.04334863065793, 59.51383999672569], [160.0033826555222, 59.49493749825234], [159.91320751419002, 59.413207514190006], [159.58679248580992, 59.086792485809916], [159.50506250174766, 58.996617344477805], [159.46668855260583, 58.915482445859816], [159.23538513698998, 58.482744192045125], [158.96277974439184, 58.074761390549085], [158.6514977137634, 57.69546313877617], [158.3045368612237, 57.34850228623648], [157.9252386094508, 57.03722025560806], [157.51725580795474, 56.76461486300994], [157.08451755414004, 56.5333114473941], [157.00311127800614, 56.49480914624629], [156.9884860563247, 56.48396234259688], [156.5798034248506, 56.21093756565797], [156.14628981019519, 55.97935611562464], [155.692134064054, 55.79145566235737], [155.2217244939747, 55.64905180542591], [154.7396064610685, 55.55352053076794], [154.2504384601814, 55.50578491514111], [153.9981640190127, 55.49363903886505], [153.7778346679875, 55.460956266997044], [153.72770636940828, 55.451016446591225], [153.23333109580474, 55.40322465779034], [152.73665339526224, 55.40471731017446], [152.24257430385472, 55.455479674789224], [151.9873719578875, 55.49459039357578], [151.75466162836292, 55.50602271897414], [151.75489260562114, 55.51072436907605], [151.53483011130623, 55.52076202169694], [151.08342994223608, 55.58287566216977], [150.63955875096883, 55.685825079518025], [150.20690280282597, 55.828755298527035], [149.78905522268056, 56.010479311073524], [149.38948615474263, 56.22948793400094], [149.0115139436753, 56.48396234259688], [148.99762399947258, 56.494263827302525], [148.7663476277232, 56.52857043630026], [148.30097767672493, 56.62034694398952], [147.84639854863983, 56.75580887578277], [147.40670131231286, 56.93373711699875], [146.9858431042548, 57.152530369559074], [146.587611515661, 57.41021956316608], [146.2155905052848, 57.70448557631481], [145.87312814493856, 58.03268010765539], [145.56330648790288, 58.39184950987031], [145.28891383141857, 58.77876137156915], [145.0524196228907, 59.18993360797206], [144.8559522356404, 59.62166579857498], [144.70127981421572, 60.0700724897677], [144.58979436164847, 60.531118162691385], [144.52249921186558, 61.000653551636105], [144.5, 61.47445298612416], [144.5, 66.87725688945517], [144.49409027469235, 66.99755211162767], [144.41320751418988, 67.08679248581014], [144.08679248581012, 67.41320751418988], [143.9968430436162, 67.4947329364772], [143.8963841397411, 67.53067770704071], [143.63364869256267, 67.61037763360835], [143.18032249237228, 67.79815149390626], [142.74758423855752, 68.02945490952213], [142.3396014370614, 68.3020603021203], [141.9603031852884, 68.61334233274877], [141.61334233274866, 68.96030318528854], [141.3020603021202, 69.33960143706153], [141.02945490952203, 69.74758423855766], [140.79815149390618, 70.18032249237244], [140.6103776336083, 70.63364869256284], [140.53067770704075, 70.89638413974095], [140.49473293647722, 70.99684304361618], [140.41320751418988, 71.08679248581014], [138.0867924858102, 73.41320751418978], [138.06316497225401, 73.4346222442124], [137.71620411971423, 73.78158309675214], [137.40492208908574, 74.16088134852511], [137.13231669648758, 74.56886415002123], [136.90101328087167, 75.00160240383597], [136.71323942057376, 75.45492860402635], [136.57080348051613, 75.92447697147121], [136.47507719666496, 76.40572549871078], [136.426982465463, 76.89403949935057], [136.42698246546303, 77.38471624262483], [136.47507719666504, 77.87303024326461], [136.4939990536612, 78.0005910416263], [136.5, 78.12274311054483], [136.5, 79.87725688945517], [136.49409027469235, 79.99755211162767], [136.41320751418988, 80.08679248581014], [136.08679248581012, 80.41320751418988], [135.9975521116277, 80.49409027469234], [135.87725688945525, 80.5], [132.82388564086912, 80.5], [132.30938043376565, 80.5265420086359], [131.80033762732222, 80.60588624325463], [131.30216162896474, 80.73719032171202], [130.82014147535344, 80.91906021441432], [130.35939467972022, 81.14956504445642], [129.9248129002366, 81.42625758736253], [129.52101000624012, 81.7462002527873], [129.15227309369072, 82.10599627233526], [128.82251696991528, 82.5018257623832], [128.5352425908678, 82.92948627903385], [128.49513910019886, 82.99639491100702], [128.41320751418976, 83.08679248581024], [127.96079437642955, 83.53920562357044], [127.65081159413435, 83.87911730518432], [127.37338176843711, 84.24608047558516], [127.13085339027077, 84.63698872876108], [126.92527950384455, 85.04853295947835], [126.75840032727349, 85.47722937542326], [126.6316285213344, 85.91944898810003], [126.54603723105073, 86.37144833283918], [126.50235100133636, 86.82940115786637], [126.49409027469234, 86.9975521116277], [126.41320751419002, 87.08679248580998], [126.08679248580998, 87.41320751419002], [125.99617461969228, 87.49533876060835], [125.90113789129404, 87.56582280214081]]]}, "properties": {}}, {"type": "Feature", "geometry": {"type": "Polygon", "coordinates": [[[201.0, 220.5], [200.0, 220.5], [199.0, 220.5], [198.5, 220.0], [198.0, 219.5], [197.0, 219.5], [196.0, 219.5], [195.0, 219.5], [194.5, 219.0], [194.0, 218.5], [193.5, 219.0], [193.0, 219.5], [192.5, 219.0], [192.0, 218.5], [191.5, 218.0], [191.0, 217.5], [190.5, 217.0], [190.5, 216.0], [190.0, 215.5], [189.5, 215.0], [189.5, 214.0], [189.5, 213.0], [189.5, 212.0], [190.0, 211.5], [190.5, 211.0], [190.0, 210.5], [189.5, 210.0], [189.0, 209.5], [188.5, 209.0], [188.0, 208.5], [187.5, 208.0], [188.0, 207.5], [188.5, 207.0], [188.0, 206.5], [187.5, 206.0], [187.0, 205.5], [186.5, 205.0], [186.5, 204.0], [186.5, 203.0], [186.5, 202.0], [186.0, 201.5], [185.5, 201.0], [185.5, 200.0], [186.0, 199.5], [186.5, 199.0], [186.5, 198.0], [186.0, 197.5], [185.5, 197.0], [186.0, 196.5], [186.5, 196.0], [186.5, 195.0], [186.5, 194.0], [186.5, 193.0], [186.5, 192.0], [187.0, 191.5], [187.5, 191.0], [187.5, 190.0], [187.5, 189.0], [187.5, 188.0], [187.5, 187.0], [187.5, 186.0], [187.5, 185.0], [187.0, 184.5], [186.5, 184.0], [186.5, 183.0], [186.5, 182.0], [186.5, 181.0], [186.5, 180.0], [186.5, 179.0], [186.5, 178.0], [186.5, 177.0], [186.5, 176.0], [186.5, 175.0], [186.5, 174.0], [186.0, 173.5], [185.5, 173.0], [185.5, 172.0], [186.0, 171.5], [186.5, 171.0], [186.5, 170.0], [186.5, 169.0], [186.5, 168.0], [186.5, 167.0], [187.0, 166.5], [187.5, 166.0], [187.0, 165.5], [186.5, 165.0], [186.5, 164.0], [186.5, 163.0], [187.0, 162.5], [187.5, 162.0], [187.0, 161.5], [186.5, 161.0], [187.0, 160.5], [187.5, 160.0], [187.0, 159.5], [186.5, 159.0], [187.0, 158.5], [187.5, 158.0], [187.0, 157.5], [186.5, 157.0], [186.5, 156.0], [186.5, 155.0], [186.5, 154.0], [186.5, 153.0], [186.5, 152.0], [186.5, 151.0], [186.5, 150.0], [186.5, 149.0], [187.0, 148.5], [187.5, 148.0], [187.5, 147.0], [187.5, 146.0], [187.0, 145.5], [186.5, 145.0], [187.0, 144.5], [187.5, 144.0], [187.0, 143.5], [186.5, 143.0], [187.0, 142.5], [187.5, 142.0], [187.0, 141.5], [186.5, 141.0], [186.5, 140.0], [186.5, 139.0], [186.5, 138.0], [186.5, 137.0], [186.5, 136.0], [186.5, 135.0], [186.5, 134.0], [186.5, 133.0], [186.5, 132.0], [187.0, 131.5], [187.5, 131.0], [187.0, 130.5], [186.5, 130.0], [187.0, 129.5], [187.5, 129.0], [187.5, 128.0], [188.0, 127.5], [189.0, 127.5], [190.0, 127.5], [190.5, 127.0], [190.5, 126.0], [191.0, 125.5], [191.5, 125.0], [191.5, 124.0], [192.0, 123.5], [193.0, 123.5], [194.0, 123.5], [195.0, 123.5], [195.5, 123.0], [196.0, 122.5], [197.0, 122.5], [198.0, 122.5], [199.0, 122.5], [200.0, 122.5], [201.0, 122.5], [202.0, 122.5], [202.5, 123.0], [203.0, 123.5], [204.0, 123.5], [205.0, 123.5], [205.5, 124.0], [205.0, 124.5], [204.5, 125.0], [204.5, 126.0], [204.0, 126.5], [203.5, 127.0], [203.5, 128.0], [203.5, 129.0], [203.0, 129.5], [202.5, 130.0], [202.5, 131.0], [202.5, 132.0], [202.5, 133.0], [202.5, 134.0], [202.5, 135.0], [203.0, 135.5], [203.5, 136.0], [203.5, 137.0], [203.5, 138.0], [203.5, 139.0], [203.5, 140.0], [203.5, 141.0], [203.5, 142.0], [203.5, 143.0], [203.5, 144.0], [203.5, 145.0], [203.5, 146.0], [203.5, 147.0], [203.5, 148.0], [203.5, 149.0], [203.5, 150.0], [203.5, 151.0], [203.5, 152.0], [203.5, 153.0], [203.5, 154.0], [203.5, 155.0], [203.5, 156.0], [203.5, 157.0], [203.5, 158.0], [203.5, 159.0], [203.5, 160.0], [203.5, 161.0], [203.5, 162.0], [203.5, 163.0], [203.5, 164.0], [203.5, 165.0], [203.5, 166.0], [203.5, 167.0], [203.5, 168.0], [203.5, 169.0], [203.5, 170.0], [203.5, 171.0], [203.5, 172.0], [203.5, 173.0], [203.5, 174.0], [203.5, 175.0], [203.5, 176.0], [203.5, 177.0], [203.0, 177.5], [202.5, 178.0], [203.0, 178.5], [203.5, 179.0], [203.5, 180.0], [203.5, 181.0], [203.0, 181.5], [202.5, 182.0], [203.0, 182.5], [203.5, 183.0], [203.5, 184.0], [203.5, 185.0], [203.0, 185.5], [202.5, 186.0], [203.0, 186.5], [203.5, 187.0], [203.5, 188.0], [203.5, 189.0], [203.0, 189.5], [202.5, 190.0], [203.0, 190.5], [203.5, 191.0], [203.5, 192.0], [203.5, 193.0], [203.0, 193.5], [202.5, 194.0], [203.0, 194.5], [203.5, 195.0], [203.5, 196.0], [203.5, 197.0], [203.0, 197.5], [202.5, 198.0], [203.0, 198.5], [203.5, 199.0], [203.5, 200.0], [203.5, 201.0], [203.5, 202.0], [203.5, 203.0], [203.5, 204.0], [203.5, 205.0], [203.5, 206.0], [203.5, 207.0], [203.5, 208.0], [203.5, 209.0], [203.5, 210.0], [203.5, 211.0], [203.5, 212.0], [203.5, 213.0], [203.5, 214.0], [203.5, 215.0], [203.0, 215.5], [202.5, 216.0], [202.5, 217.0], [202.5, 218.0], [202.5, 219.0], [202.0, 219.5], [201.5, 220.0], [201.0, 220.5]]]}, "properties": {}}, {"type": "Feature", "geometry": {"type": "Polygon", "coordinates": [[[550.0, 88.5], [549.0, 88.5], [548.5, 88.0], [548.0, 87.5], [547.0, 87.5], [546.5, 87.0], [547.0, 86.5], [548.0, 86.5], [548.5, 86.0], [548.5, 85.0], [548.5, 84.0], [548.5, 83.0], [548.5, 82.0], [548.5, 81.0], [548.0, 80.5], [547.5, 81.0], [547.5, 82.0], [547.0, 82.5], [546.0, 82.5], [545.5, 83.0], [545.0, 83.5], [544.5, 83.0], [544.0, 82.5], [543.0, 82.5], [542.5, 82.0], [542.5, 81.0], [542.0, 80.5], [541.5, 80.0], [542.0, 79.5], [542.5, 79.0], [542.0, 78.5], [541.0, 78.5], [540.0, 78.5], [539.0, 78.5], [538.5, 78.0], [538.5, 77.0], [538.5, 76.0], [538.5, 75.0], [538.0, 74.5], [537.5, 74.0], [538.0, 73.5], [538.5, 73.0], [538.0, 72.5], [537.0, 72.5], [536.0, 72.5], [535.0, 72.5], [534.0, 72.5], [533.0, 72.5], [532.5, 72.0], [532.5, 71.0], [532.0, 70.5], [531.0, 70.5], [530.5, 70.0], [530.5, 69.0], [530.0, 68.5], [529.5, 68.0], [530.0, 67.5], [530.5, 67.0], [530.0, 66.5], [529.5, 67.0], [529.0, 67.5], [528.5, 67.0], [528.0, 66.5], [527.0, 66.5], [526.5, 66.0], [526.0, 65.5], [525.0, 65.5], [524.5, 65.0], [525.0, 64.5], [526.0, 64.5], [527.0, 64.5], [528.0, 64.5], [528.5, 65.0], [529.0, 65.5], [530.0, 65.5], [531.0, 65.5], [531.5, 66.0], [531.5, 67.0], [532.0, 67.5], [533.0, 67.5], [533.5, 68.0], [533.5, 69.0], [534.0, 69.5], [535.0, 69.5], [535.5, 70.0], [535.5, 71.0], [536.0, 71.5], [537.0, 71.5], [537.5, 71.0], [537.0, 70.5], [536.5, 70.0], [536.5, 69.0], [536.0, 68.5], [535.0, 68.5], [534.5, 68.0], [535.0, 67.5], [535.5, 67.0], [535.0, 66.5], [534.5, 66.0], [534.0, 65.5], [533.5, 65.0], [533.0, 64.5], [532.5, 64.0], [532.0, 63.5], [531.5, 64.0], [531.0, 64.5], [530.5, 64.0], [530.5, 63.0], [530.5, 62.0], [530.5, 61.0], [531.0, 60.5], [531.5, 60.0], [531.0, 59.5], [530.5, 59.0], [530.0, 58.5], [529.5, 59.0], [529.0, 59.5], [528.5, 59.0], [528.5, 58.0], [529.0, 57.5], [530.0, 57.5], [530.5, 57.0], [530.0, 56.5], [529.0, 56.5], [528.0, 56.5], [527.0, 56.5], [526.5, 56.0], [526.5, 55.0], [526.0, 54.5], [525.5, 54.0], [526.0, 53.5], [526.5, 53.0], [526.0, 52.5], [525.5, 52.0], [525.0, 51.5], [524.5, 51.0], [524.0, 50.5], [523.5, 51.0], [524.0, 51.5], [524.5, 52.0], [524.0, 52.5], [523.5, 53.0], [523.5, 54.0], [523.5, 55.0], [523.0, 55.5], [522.0, 55.5], [521.5, 55.0], [522.0, 54.5], [522.5, 54.0], [522.5, 53.0], [522.5, 52.0], [522.0, 51.5], [521.5, 51.0], [522.0, 50.5], [522.5, 50.0], [523.0, 49.5], [524.0, 49.5], [524.5, 49.0], [524.0, 48.5], [523.5, 48.0], [523.0, 47.5], [522.5, 47.0], [523.0, 46.5], [523.5, 46.0], [523.5, 45.0], [523.5, 44.0], [523.5, 43.0], [524.0, 42.5], [524.5, 42.0], [524.5, 41.0], [524.5, 40.0], [524.5, 39.0], [525.0, 38.5], [525.5, 39.0], [525.5, 40.0], [525.5, 41.0], [526.0, 41.5], [526.5, 41.0], [527.0, 40.5], [527.5, 41.0], [528.0, 41.5], [528.5, 42.0], [528.0, 42.5], [527.5, 43.0], [528.0, 43.5], [528.5, 44.0], [528.0, 44.5], [527.5, 45.0], [528.0, 45.5], [528.5, 46.0], [528.0, 46.5], [527.5, 47.0], [528.0, 47.5], [528.5, 47.0], [529.0, 46.5], [529.5, 47.0], [529.5, 48.0], [529.5, 49.0], [530.0, 49.5], [531.0, 49.5], [532.0, 49.5], [532.5, 49.0], [532.0, 48.5], [531.0, 48.5], [530.5, 48.0], [530.5, 47.0], [530.5, 46.0], [531.0, 45.5], [532.0, 45.5], [532.5, 45.0], [532.0, 44.5], [531.5, 44.0], [532.0, 43.5], [532.5, 43.0], [532.0, 42.5], [531.5, 43.0], [531.0, 43.5], [530.5, 43.0], [530.5, 42.0], [531.0, 41.5], [532.0, 41.5], [533.0, 41.5], [534.0, 41.5], [534.5, 41.0], [534.5, 40.0], [534.0, 39.5], [533.0, 39.5], [532.5, 39.0], [533.0, 38.5], [533.5, 38.0], [534.0, 37.5], [534.5, 37.0], [534.5, 36.0], [534.0, 35.5], [533.0, 35.5], [532.5, 35.0], [533.0, 34.5], [533.5, 34.0], [534.0, 33.5], [534.5, 33.0], [534.5, 32.0], [534.5, 31.0], [534.0, 30.5], [533.5, 30.0], [534.0, 29.5], [534.5, 29.0], [534.5, 28.0], [534.5, 27.0], [534.0, 26.5], [533.5, 26.0], [534.0, 25.5], [534.5, 25.0], [534.5, 24.0], [534.5, 23.0], [534.0, 22.5], [533.5, 22.0], [534.0, 21.5], [534.5, 21.0], [534.0, 20.5], [533.5, 21.0], [533.0, 21.5], [532.5, 21.0], [532.0, 20.5], [531.5, 20.0], [532.0, 19.5], [532.5, 19.0], [532.0, 18.5], [531.5, 18.0], [532.0, 17.5], [532.5, 17.0], [532.0, 16.5], [531.5, 16.0], [532.0, 15.5], [533.0, 15.5], [534.0, 15.5], [535.0, 15.5], [535.5, 16.0], [535.0, 16.5], [534.0, 16.5], [533.5, 17.0], [534.0, 17.5], [535.0, 17.5], [535.5, 18.0], [535.5, 19.0], [535.5, 20.0], [535.5, 21.0], [535.5, 22.0], [535.5, 23.0], [535.5, 24.0], [535.5, 25.0], [535.5, 26.0], [535.5, 27.0], [535.5, 28.0], [535.5, 29.0], [536.0, 29.5], [536.5, 29.0], [536.5, 28.0], [536.5, 27.0], [536.5, 26.0], [536.5, 25.0], [536.5, 24.0], [536.5, 23.0], [536.5, 22.0], [536.5, 21.0], [536.5, 20.0], [536.5, 19.0], [536.5, 18.0], [536.5, 17.0], [536.5, 16.0], [536.5, 15.0], [536.5, 14.0], [536.0, 13.5], [535.5, 14.0], [535.0, 14.5], [534.0, 14.5], [533.5, 14.0], [533.0, 13.5], [532.5, 14.0], [532.0, 14.5], [531.5, 14.0], [531.0, 13.5], [530.5, 14.0], [530.0, 14.5], [529.5, 14.0], [529.0, 13.5], [528.5, 14.0], [528.0, 14.5], [527.5, 14.0], [527.5, 13.0], [527.5, 12.0], [528.0, 11.5], [529.0, 11.5], [529.5, 11.0], [530.0, 10.5], [530.5, 11.0], [531.0, 11.5], [532.0, 11.5], [532.5, 11.0], [533.0, 10.5], [534.0, 10.5], [534.5, 11.0], [535.0, 11.5], [536.0, 11.5], [537.0, 11.5], [538.0, 11.5], [538.5, 11.0], [539.0, 10.5], [540.0, 10.5], [540.5, 10.0], [541.0, 9.5], [541.5, 9.0], [542.0, 8.5], [542.5, 9.0], [543.0, 9.5], [544.0, 9.5], [544.5, 10.0], [545.0, 10.5], [546.0, 10.5], [546.5, 11.0], [547.0, 11.5], [548.0, 11.5], [548.5, 11.0], [549.0, 10.5], [549.5, 11.0], [550.0, 11.5], [550.5, 11.0], [551.0, 10.5], [551.5, 11.0], [552.0, 11.5], [552.5, 11.0], [553.0, 10.5], [553.5, 10.0], [553.0, 9.5], [552.5, 10.0], [552.0, 10.5], [551.5, 10.0], [551.0, 9.5], [550.5, 9.0], [551.0, 8.5], [551.5, 8.0], [551.0, 7.5], [550.5, 7.0], [551.0, 6.5], [551.5, 6.0], [552.0, 5.5], [552.5, 6.0], [552.5, 7.0], [553.0, 7.5], [554.0, 7.5], [554.5, 8.0], [555.0, 8.5], [555.5, 9.0], [555.5, 10.0], [556.0, 10.5], [557.0, 10.5], [558.0, 10.5], [559.0, 10.5], [559.5, 11.0], [559.0, 11.5], [558.0, 11.5], [557.0, 11.5], [556.5, 12.0], [556.0, 12.5], [555.0, 12.5], [554.0, 12.5], [553.5, 13.0], [554.0, 13.5], [555.0, 13.5], [556.0, 13.5], [556.5, 14.0], [557.0, 14.5], [558.0, 14.5], [559.0, 14.5], [559.5, 15.0], [559.5, 16.0], [560.0, 16.5], [560.5, 16.0], [560.5, 15.0], [561.0, 14.5], [561.5, 15.0], [561.5, 16.0], [562.0, 16.5], [563.0, 16.5], [563.5, 17.0], [564.0, 17.5], [564.5, 18.0], [565.0, 18.5], [565.5, 19.0], [565.0, 19.5], [564.0, 19.5], [563.5, 20.0], [564.0, 20.5], [564.5, 21.0], [564.5, 22.0], [564.0, 22.5], [563.5, 23.0], [563.5, 24.0], [563.5, 25.0], [564.0, 25.5], [564.5, 26.0], [565.0, 26.5], [565.5, 27.0], [565.0, 27.5], [564.5, 28.0], [564.5, 29.0], [564.5, 30.0], [564.0, 30.5], [563.5, 31.0], [563.0, 31.5], [562.5, 32.0], [562.0, 32.5], [561.5, 33.0], [561.0, 33.5], [560.5, 34.0], [561.0, 34.5], [561.5, 35.0], [561.0, 35.5], [560.0, 35.5], [559.5, 36.0], [560.0, 36.5], [561.0, 36.5], [562.0, 36.5], [563.0, 36.5], [564.0, 36.5], [565.0, 36.5], [565.5, 36.0], [566.0, 35.5], [566.5, 35.0], [566.5, 34.0], [567.0, 33.5], [567.5, 34.0], [568.0, 34.5], [569.0, 34.5], [570.0, 34.5], [571.0, 34.5], [572.0, 34.5], [573.0, 34.5], [574.0, 34.5], [574.5, 35.0], [575.0, 35.5], [576.0, 35.5], [576.5, 35.0], [577.0, 34.5], [577.5, 35.0], [578.0, 35.5], [578.5, 36.0], [579.0, 36.5], [579.5, 37.0], [579.0, 37.5], [578.0, 37.5], [577.0, 37.5], [576.5, 38.0], [576.0, 38.5], [575.5, 38.0], [575.5, 37.0], [575.0, 36.5], [574.0, 36.5], [573.0, 36.5], [572.0, 36.5], [571.0, 36.5], [570.0, 36.5], [569.5, 37.0], [569.0, 37.5], [568.5, 37.0], [568.0, 36.5], [567.5, 37.0], [567.0, 37.5], [566.5, 38.0], [566.0, 38.5], [565.5, 39.0], [565.0, 39.5], [564.0, 39.5], [563.5, 40.0], [563.0, 40.5], [562.5, 41.0], [562.0, 41.5], [561.0, 41.5], [560.5, 41.0], [560.0, 40.5], [559.5, 41.0], [560.0, 41.5], [560.5, 42.0], [560.0, 42.5], [559.5, 43.0], [560.0, 43.5], [560.5, 43.0], [561.0, 42.5], [561.5, 43.0], [562.0, 43.5], [562.5, 44.0], [562.0, 44.5], [561.5, 45.0], [561.0, 45.5], [560.5, 45.0], [560.0, 44.5], [559.5, 45.0], [559.0, 45.5], [558.5, 46.0], [559.0, 46.5], [559.5, 47.0], [559.0, 47.5], [558.5, 48.0], [559.0, 48.5], [559.5, 49.0], [559.0, 49.5], [558.5, 50.0], [559.0, 50.5], [559.5, 51.0], [559.5, 52.0], [559.5, 53.0], [560.0, 53.5], [560.5, 53.0], [561.0, 52.5], [561.5, 53.0], [561.5, 54.0], [561.5, 55.0], [562.0, 55.5], [562.5, 56.0], [562.0, 56.5], [561.0, 56.5], [560.5, 56.0], [560.5, 55.0], [560.0, 54.5], [559.5, 55.0], [559.5, 56.0], [559.0, 56.5], [558.0, 56.5], [557.5, 57.0], [557.5, 58.0], [557.5, 59.0], [558.0, 59.5], [558.5, 59.0], [558.5, 58.0], [559.0, 57.5], [560.0, 57.5], [561.0, 57.5], [562.0, 57.5], [562.5, 57.0], [563.0, 56.5], [563.5, 56.0], [563.0, 55.5], [562.5, 55.0], [562.5, 54.0], [562.5, 53.0], [563.0, 52.5], [563.5, 53.0], [564.0, 53.5], [564.5, 53.0], [565.0, 52.5], [565.5, 52.0], [566.0, 51.5], [566.5, 51.0], [566.5, 50.0], [567.0, 49.5], [568.0, 49.5], [568.5, 49.0], [569.0, 48.5], [569.5, 48.0], [569.0, 47.5], [568.5, 47.0], [569.0, 46.5], [570.0, 46.5], [570.5, 46.0], [571.0, 45.5], [571.5, 45.0], [572.0, 44.5], [572.5, 44.0], [572.5, 43.0], [573.0, 42.5], [573.5, 42.0], [574.0, 41.5], [575.0, 41.5], [575.5, 41.0], [576.0, 40.5], [576.5, 41.0], [576.5, 42.0], [577.0, 42.5], [577.5, 43.0], [577.0, 43.5], [576.5, 44.0], [577.0, 44.5], [577.5, 45.0], [577.5, 46.0], [577.5, 47.0], [577.5, 48.0], [578.0, 48.5], [578.5, 49.0], [578.5, 50.0], [578.0, 50.5], [577.5, 50.0], [577.0, 49.5], [576.5, 50.0], [577.0, 50.5], [577.5, 51.0], [577.0, 51.5], [576.0, 51.5], [575.5, 52.0], [575.5, 53.0], [575.0, 53.5], [574.5, 54.0], [574.5, 55.0], [574.5, 56.0], [574.0, 56.5], [573.5, 57.0], [573.0, 57.5], [572.5, 58.0], [572.0, 58.5], [571.5, 59.0], [571.0, 59.5], [570.5, 60.0], [570.0, 60.5], [569.5, 61.0], [569.0, 61.5], [568.0, 61.5], [567.5, 62.0], [567.0, 62.5], [566.5, 63.0], [566.0, 63.5], [565.5, 64.0], [565.5, 65.0], [566.0, 65.5], [566.5, 66.0], [566.0, 66.5], [565.5, 67.0], [566.0, 67.5], [566.5, 67.0], [567.0, 66.5], [567.5, 67.0], [568.0, 67.5], [568.5, 68.0], [569.0, 68.5], [570.0, 68.5], [570.5, 69.0], [571.0, 69.5], [572.0, 69.5], [573.0, 69.5], [574.0, 69.5], [574.5, 70.0], [574.5, 71.0], [574.5, 72.0], [574.0, 72.5], [573.5, 72.0], [573.0, 71.5], [572.5, 71.0], [572.0, 70.5], [571.0, 70.5], [570.0, 70.5], [569.0, 70.5], [568.0, 70.5], [567.5, 71.0], [567.5, 72.0], [567.5, 73.0], [568.0, 73.5], [568.5, 74.0], [568.0, 74.5], [567.0, 74.5], [566.5, 74.0], [566.5, 73.0], [566.0, 72.5], [565.5, 72.0], [566.0, 71.5], [566.5, 71.0], [566.0, 70.5], [565.5, 71.0], [565.0, 71.5], [564.5, 71.0], [564.5, 70.0], [564.5, 69.0], [564.0, 68.5], [563.0, 68.5], [562.0, 68.5], [561.0, 68.5], [560.0, 68.5], [559.5, 68.0], [560.0, 67.5], [561.0, 67.5], [562.0, 67.5], [562.5, 67.0], [562.0, 66.5], [561.0, 66.5], [560.0, 66.5], [559.5, 67.0], [559.0, 67.5], [558.5, 67.0], [558.5, 66.0], [558.5, 65.0], [558.0, 64.5], [557.5, 65.0], [557.5, 66.0], [557.5, 67.0], [558.0, 67.5], [558.5, 68.0], [558.0, 68.5], [557.5, 69.0], [557.5, 70.0], [557.5, 71.0], [558.0, 71.5], [558.5, 71.0], [558.5, 70.0], [559.0, 69.5], [560.0, 69.5], [561.0, 69.5], [561.5, 70.0], [561.5, 71.0], [562.0, 71.5], [562.5, 71.0], [562.5, 70.0], [563.0, 69.5], [563.5, 70.0], [563.5, 71.0], [563.5, 72.0], [563.5, 73.0], [563.5, 74.0], [563.5, 75.0], [563.5, 76.0], [563.0, 76.5], [562.0, 76.5], [561.5, 76.0], [562.0, 75.5], [562.5, 75.0], [562.5, 74.0], [562.5, 73.0], [562.0, 72.5], [561.5, 73.0], [561.5, 74.0], [561.5, 75.0], [561.0, 75.5], [560.5, 75.0], [560.0, 74.5], [559.5, 75.0], [560.0, 75.5], [560.5, 76.0], [560.0, 76.5], [559.5, 77.0], [559.5, 78.0], [559.5, 79.0], [559.0, 79.5], [558.5, 79.0], [558.0, 78.5], [557.5, 79.0], [557.0, 79.5], [556.5, 79.0], [556.0, 78.5], [555.5, 79.0], [555.5, 80.0], [555.5, 81.0], [555.5, 82.0], [555.5, 83.0], [555.0, 83.5], [554.5, 83.0], [554.5, 82.0], [554.5, 81.0], [554.0, 80.5], [553.5, 81.0], [553.5, 82.0], [553.5, 83.0], [553.0, 83.5], [552.5, 83.0], [552.0, 82.5], [551.5, 83.0], [551.5, 84.0], [551.5, 85.0], [551.0, 85.5], [550.5, 85.0], [550.0, 84.5], [549.5, 85.0], [549.5, 86.0], [549.5, 87.0], [550.0, 87.5], [550.5, 88.0], [550.0, 88.5]]]}, "properties": {}}, {"type": "Feature", "geometry": {"type": "Polygon", "coordinates": [[[543.3743339950464, 7.80205394752619], [543.4940585597648, 8.001802316191199], [543.4976182491324, 8.074261457869103], [543.4976182491324, 8.416415285405252], [543.5457129803344, 8.904729286044946], [543.6414392641857, 9.385977813284429], [543.7838752042433, 9.855526180729182], [543.9716490645411, 10.308852380919468], [544.202952480157, 10.74159063473414], [544.4755578727552, 11.149573436230172], [544.7868399033836, 11.528871688003075], [545.1338007559233, 11.875832540542758], [545.5130990076962, 12.18711457117117], [545.9210818091922, 12.459719963769292], [545.9963949110071, 12.504860899801155], [546.0867924858101, 12.586792485810024], [546.6956701588585, 13.195670158858496], [547.0277232650919, 13.499108871473323], [547.3857033353968, 13.771477347874642], [547.7667131036424, 14.010571208469328], [548.1676689157692, 14.214455377531653], [548.585325686951, 14.381479744492356], [548.9834201175153, 14.500464263767093], [548.9968430436162, 14.505267063522794], [549.0867924858101, 14.586792485810031], [549.41320751419, 14.91320751419005], [549.494524337319, 15.002926802679653], [549.5005927531779, 15.027153276801045], [549.6447485976988, 15.501500740698416], [549.8351712828199, 15.959240432015095], [550.0699886761081, 16.395872102676734], [550.3468921804675, 16.807103027205574], [550.4937979110714, 17.00350330984916], [550.4830625726416, 17.22202614369849], [550.4811633308539, 17.2410435971615], [550.4792118782148, 17.71809693682405], [550.5227338431355, 18.19316486419869], [550.611333030029, 18.661922670674933], [550.7442028896747, 19.12010309086801], [550.9201338615175, 19.563535149020176], [551.1375243847173, 19.988182128844027], [551.3943954777152, 20.390178321155176], [551.6884087535908, 20.765864214767763], [552.0168877072118, 21.111819810297867], [552.3768420803917, 21.424895753607647], [552.7649950832496, 21.702242005471657], [553.177813223969, 21.941333786475404], [553.611538475403, 22.139994560960677], [554.0622224857026, 22.29641585078683], [554.5257625215372, 22.409173698536414], [554.9979388167031, 22.47724163029494], [555.4744529861241, 22.5], [556.8772568894553, 22.5], [556.9975521116277, 22.505909725307646], [557.0867924858101, 22.58679248581003], [557.4132075141899, 22.91320751418997], [557.4953387606083, 23.003825380307735], [557.588983553017, 23.13009076618167], [557.6864697278469, 23.275989137212317], [557.9977517584753, 23.65528738898516], [558.344712611015, 24.002248241524793], [558.7240108627878, 24.313530272153166], [558.8699092338184, 24.411016446982988], [558.9961746196923, 24.50466123939167], [559.0867924858101, 24.58679248581003], [559.4132075141899, 24.91320751418997], [559.4951391001988, 25.0036050889929], [559.5122716931244, 25.032189093419507], [559.7113569499986, 25.40465141175856], [559.9839623425968, 25.81263421325461], [560.2952443732252, 26.191932465027534], [560.6422052257649, 26.538893317567236], [561.0215034775379, 26.850175348195663], [561.4294862790339, 27.122780740793793], [561.8622245328486, 27.354084156409648], [562.3155507330389, 27.541858016707536], [562.7850991004836, 27.68429395676515], [563.2663476277232, 27.780020240616334], [563.7546616283629, 27.82811497181829], [564.2453383716371, 27.82811497181829], [564.7336523722768, 27.780020240616334], [565.2149008995164, 27.68429395676515], [565.6844492669611, 27.541858016707536], [566.1377754671514, 27.354084156409648], [566.5705137209661, 27.122780740793793], [566.9784965224621, 26.850175348195663], [567.3577947742351, 26.538893317567236], [567.7047556267748, 26.191932465027534], [568.0160376574032, 25.81263421325461], [568.2886430500014, 25.404651411758557], [568.4877283068756, 25.03218909341951], [568.5048608998012, 25.0036050889929], [568.5867924858101, 24.91320751418997], [568.9132075141899, 24.58679248581003], [569.0019339864386, 24.506375498870366], [569.1626311546167, 24.530212672006687], [569.6509451552565, 24.578307403208647], [570.1416218985307, 24.578307403208647], [570.6299358991705, 24.530212672006687], [571.11118442641, 24.4344863881555], [571.5807327938547, 24.292050448097875], [572.034058994045, 24.10427658779998], [572.4667972478597, 23.872973172184114], [572.8747800493559, 23.60036777958597], [572.9996177014012, 23.507781866751223], [573.0867924858101, 23.58679248581003], [574.4132075141899, 24.91320751418997], [574.4936245011296, 25.001933986438665], [574.4697873279933, 25.162631154616786], [574.4216925967913, 25.65094515525649], [574.4216925967913, 26.141621898530655], [574.4697873279933, 26.62993589917036], [574.5655136118445, 27.111184426409853], [574.7079495519021, 27.580732793854622], [574.8957234121999, 28.03405899404492], [575.1270268278158, 28.46679724785961], [575.3996322204139, 28.874780049355664], [575.5889835530171, 29.13009076618175], [575.6864697278469, 29.275989137212317], [575.9977517584753, 29.65528738898516], [576.344712611015, 30.002248241524793], [576.7240108627878, 30.313530272153166], [576.8699092338184, 30.411016446982998], [577.0115139436755, 30.516037657403217], [577.4201965751495, 30.7890624343421], [577.8537101898049, 31.020643884375403], [578.3078659359461, 31.208544337642657], [578.7782755060254, 31.350948194574098], [579.2603935389316, 31.446479469232067], [579.7495615398186, 31.494215084858883], [579.9978375769778, 31.50616845601958], [580.0867924858101, 31.58679248581003], [581.5, 33.0], [581.5030231008117, 32.99697689918834], [581.732740349461, 33.22528892720738], [582.1387506736969, 33.55228599126301], [582.5766016261152, 33.83523122757849], [583.0415333909541, 34.07104877851767], [583.5284917607714, 34.257175104845054], [584.0321830800181, 34.39158685359814], [584.5471317916188, 34.472822853671275], [585.0677399609791, 34.5], [586.8772568894553, 34.5], [586.9994089583737, 34.50600094633878], [587.2221653320121, 34.53904373300289], [587.2722936305912, 34.54898355340871], [587.766668904195, 34.596775342209654], [588.2633466047376, 34.59528268982555], [588.7574256961453, 34.544520325210776], [589.0064972578247, 34.50634917216102], [589.01956760406, 34.506991277096965], [589.4684285347269, 34.5511720999574], [589.9597249833536, 34.55108065069633], [590.4486407509122, 34.50277349771937], [590.9304554102536, 34.406717041195115], [591.4005170946352, 34.26383869548678], [591.8542874109763, 34.07551793507008], [592.287385257535, 33.843572975861164], [592.6956291229574, 33.57024322054497], [593.0750774583024, 33.25816763739232], [593.422066732257, 32.910359281315884], [593.733246802122, 32.53017620316142], [594.0056132590655, 32.12128902810177], [594.2365364353548, 31.687645516160643], [594.4237867935051, 31.233432447030328], [594.5573660708378, 30.858048665209132], [594.6292732960119, 30.684449266961206], [594.7717092360696, 30.214900899516397], [594.8674355199207, 29.733652372276858], [594.9155302511227, 29.245338371637107], [594.9155302511227, 28.754661628362893], [594.8674355199207, 28.266347627723142], [594.7717092360696, 27.785099100483603], [594.6292732960119, 27.315550733038794], [594.5560558213941, 27.13878811281383], [594.5062861435773, 26.999691181568853], [594.5529186319814, 26.813523852265863], [594.5828355776255, 26.714900899516337], [594.6785618614767, 26.233652372276822], [594.7266565926786, 25.745338371637093], [594.7266565926786, 25.254661628362907], [594.6785618614767, 24.766347627723178], [594.5828355776255, 24.285099100483663], [594.5529186319814, 24.186476147734137], [594.5059141179319, 23.99882360880119], [594.4724943075962, 23.773525548025134], [594.4687352828901, 23.735435813669415], [594.3723451960186, 23.25233000595261], [594.2288824617219, 22.78105438154065], [594.0397397144823, 22.326183749972245], [593.8067530179522, 21.892133672749804], [593.5321840417503, 21.483117600199847], [593.2186981067764, 21.10310597028534], [592.8693383121665, 20.755787666409766], [592.4874959950453, 20.444534208353122], [592.076877809829, 20.172367023948965], [591.6414697466544, 19.941928119205762], [591.1854984382123, 19.755454431586216], [590.7133901305958, 19.614756115404816], [590.2297277164416, 19.521198970133476], [589.7392062474587, 19.475691182188868], [589.2465873581959, 19.47867450890278], [588.8616178843348, 19.5], [587.1227431105447, 19.5], [587.0005910416263, 19.49399905366122], [586.7778346679879, 19.46095626699711], [586.7277063694088, 19.45101644659129], [586.233331095805, 19.40322465779035], [585.7366533952624, 19.404717310174448], [585.2425743038547, 19.455479674789224], [585.000739392198, 19.49254178402152], [584.9132075141899, 19.41320751418997], [584.5867924858101, 19.08679248581002], [584.5063754988704, 18.99806601356134], [584.539043733003, 18.777834667987033], [584.5489835534088, 18.727706369407883], [584.5967753422096, 18.233331095804473], [584.5952826898256, 17.736653395262067], [584.5445203252108, 17.24257430385468], [584.5067065176423, 16.99583446626486], [584.539043733003, 16.777834667987033], [584.5489835534088, 16.727706369407883], [584.5967753422096, 16.233331095804473], [584.5952826898256, 15.736653395262067], [584.5445203252108, 15.242574303854681], [584.5074582159784, 15.000739392198048], [584.58679248581, 14.91320751419005], [586.9132075141899, 12.586792485810031], [587.0033826555222, 12.505062501747659], [587.0435234984793, 12.486077296954363], [587.1167795475496, 12.58419360302046], [587.332004699034, 12.82114930611977], [587.330778279158, 12.822260868302413], [587.3629843342044, 12.85779477423515], [587.3866846991991, 12.881350159947623], [587.4395193919779, 12.939519391977914], [587.5, 12.999999999999948], [587.5030231008116, 12.996976899188283], [587.732740349461, 13.225288927207377], [588.1387506736969, 13.55228599126301], [588.5766016261152, 13.835231227578488], [589.0415333909541, 14.07104877851767], [589.5284917607714, 14.257175104845052], [590.0321830800181, 14.391586853598142], [590.5471317916188, 14.472822853671278], [591.0677399609791, 14.5], [592.0, 14.5], [592.4824521567763, 14.476669560702412], [592.9604019852495, 14.406895966568772], [593.4293891736354, 14.291330357040088], [593.8850370510821, 14.131051210691556], [594.3230934315312, 13.927554280681], [594.7394702958655, 13.68273863611756], [595.1302819420217, 13.398888939615073], [595.4918812470448, 13.078654126419092], [595.8208937026806, 12.72502268407772], [596.1142489068791, 12.341294763350657], [596.3692092173269, 11.931051380622431], [596.5833952996052, 11.498120999228234], [596.7548083315579, 11.046543801561343], [596.8818486566502, 10.580533985381097], [596.9633307122448, 10.104440436178885], [596.998494093481, 9.622706142614561], [596.9870106495064, 9.139826733765553], [596.9289875458378, 8.660308525126345], [596.8249662642746, 8.188626464880432], [596.6759175496948, 7.729182372897547], [596.4832323508934, 7.286263862177149], [596.2487088400043, 6.864004326090493], [595.9745356316412, 6.466344364827377], [595.6632713583621, 6.0969950110227344], [595.3178207930602, 5.759403097747982], [594.9414077411133, 5.456719092059125], [594.5375449552648, 5.191767694284594], [594.110001353999, 4.967021477425423], [593.6627668493302, 4.784577812669532], [593.2000151122437, 4.646139296355249], [592.7260646232643, 4.552997861043098], [592.2453383716371, 4.506022718974138], [592.0005910416264, 4.4939990536612235], [591.7832336573587, 4.4617571314171265], [591.7336523722768, 4.451894800623742], [591.2453383716371, 4.403800069421798], [590.7546616283629, 4.403800069421798], [590.2663476277232, 4.451894800623742], [589.7850991004839, 4.547621084474901], [589.7710555735895, 4.551138804837037], [589.7705065265341, 4.5512473851823785], [589.7699201290387, 4.551423218891023], [589.7605507105645, 4.553770136043392], [589.7606584769304, 4.5542003634924715], [589.310714069971, 4.68911805054495], [589.1833004247252, 4.741099793132508], [589.1084100896178, 4.640858355656649], [588.7863167352427, 4.28631673524276], [586.3868119104856, 1.8868119104855756], [586.0021167605585, 1.5400507305634359], [585.583615168368, 1.234944041661775], [585.1357973827049, 0.974765439309035], [584.6634681959713, 0.7623064700043223], [584.1716953918964, 0.5998466797464399], [583.6657553715257, 0.48912915599392015], [583.1510765408848, 0.43134182547489086], [582.6331810677261, 0.4271047085090265], [582.117625632276, 0.4764632665944095], [581.9994089583736, 0.49399905366122476], [581.8772568894553, 0.5], [575.9900104661376, 0.5], [575.4592324398353, 0.5282523508534096], [574.9344527043428, 0.6126901252821391], [574.4216017641431, 0.7523590970348142], [573.9264753171157, 0.9456808753941166], [573.4546687576996, 1.1904707424761218], [573.0115139436755, 1.4839623425967678], [573.0003822985988, 1.4922181332487885], [572.91320751419, 1.413207514190019], [572.5, 1.0000000000000004], [572.4969768991883, 1.0030231008116637], [572.267259650539, 0.7747110727926234], [571.8612493263031, 0.4477140087369911], [571.4233983738848, 0.1647687724215121], [570.9584666090459, -0.07104877851766922], [570.4715082392286, -0.257175104845051], [569.9678169199819, -0.3915868535981417], [569.4528682083812, -0.4728228536712784], [568.9322600390209, -0.5], [557.0677399609791, -0.5], [556.5757157302012, -0.475732323621064], [556.0884676133446, -0.40316486253098915], [555.6107253622557, -0.28300203419432535], [555.1471264546713, -0.11641026766341245], [554.702171077895, 0.09499331903072061], [554.2801784451613, 0.3491566163571793], [553.8852448687285, 0.6436124432571946], [553.5212039966862, 0.9755024962447236], [553.0810154490093, 1.4184435151396488], [552.9975521116277, 1.4940902746923572], [552.8772568894553, 1.5], [552.1227431105447, 1.5], [552.0024478883723, 1.4940902746923557], [551.9132075141899, 1.4132075141899894], [551.8799951084966, 1.3799951084965483], [551.5005906865842, 1.037533826178401], [551.0882075589918, 0.7355940948895592], [550.647154757355, 0.47733091241502645], [550.1820408855373, 0.2654428960092394], [549.6977259638783, 0.1021440842804191], [549.1992706463653, -0.010859197515398655], [548.6918833413649, -0.07238616703386391], [548.1808657884549, -0.08179392295251553], [547.6715576600282, -0.0389841627095846], [547.1692807665341, 0.05559579032292117], [546.6792834483608, 0.20095766096488532], [546.2066857354124, 0.3955825488121052], [545.9976924256564, 0.49442902272361927], [545.9663763987578, 0.5056340763168139], [545.5130501985674, 0.6934079366147348], [545.0803119447526, 0.9247113522306405], [544.6723291432564, 1.1973167448288402], [544.2930308914835, 1.5085987754573464], [543.9460700389437, 1.8555596279971383], [543.6347880083154, 2.234857879770159], [543.3621826157172, 2.642840681266319], [543.1308792001013, 3.075578935081123], [542.9431053398034, 3.5289051352715424], [542.8006693997459, 3.998453502716429], [542.7049431158948, 4.479702029956044], [542.6568483846929, 4.968016030595859], [542.656848384693, 5.458692773870126], [542.704943115895, 5.94700677450992], [542.8006693997464, 6.428255301749493], [542.9431053398042, 6.897803669194321], [543.1308792001022, 7.3511298693846605], [543.3621826157182, 7.783868123199365], [543.3743339950464, 7.80205394752619]]]}, "properties": {}}, {"type": "Feature", "geometry": {"type": "Polygon", "coordinates": [[[426.0, 480.5], [425.0, 480.5], [424.0, 480.5], [423.5, 480.0], [423.0, 479.5], [422.5, 480.0], [422.0, 480.5], [421.0, 480.5], [420.0, 480.5], [419.0, 480.5], [418.0, 480.5], [417.0, 480.5], [416.0, 480.5], [415.0, 480.5], [414.0, 480.5], [413.0, 480.5], [412.0, 480.5], [411.0, 480.5], [410.0, 480.5], [409.0, 480.5], [408.0, 480.5], [407.0, 480.5], [406.0, 480.5], [405.0, 480.5], [404.0, 480.5], [403.5, 480.0], [404.0, 479.5], [404.5, 479.0], [404.0, 478.5], [403.5, 479.0], [403.0, 479.5], [402.5, 479.0], [402.0, 478.5], [401.5, 479.0], [402.0, 479.5], [402.5, 480.0], [402.0, 480.5], [401.0, 480.5], [400.5, 480.0], [400.5, 479.0], [400.0, 478.5], [399.5, 479.0], [399.0, 479.5], [398.5, 479.0], [398.0, 478.5], [397.0, 478.5], [396.0, 478.5], [395.5, 479.0], [395.5, 480.0], [395.0, 480.5], [394.0, 480.5], [393.0, 480.5], [392.5, 480.0], [392.5, 479.0], [392.0, 478.5], [391.5, 479.0], [391.0, 479.5], [390.5, 479.0], [390.0, 478.5], [389.5, 479.0], [389.0, 479.5], [388.5, 479.0], [388.0, 478.5], [387.5, 478.0], [388.0, 477.5], [388.5, 477.0], [388.0, 476.5], [387.5, 476.0], [388.0, 475.5], [388.5, 475.0], [388.0, 474.5], [387.5, 475.0], [387.0, 475.5], [386.5, 475.0], [386.5, 474.0], [387.0, 473.5], [388.0, 473.5], [389.0, 473.5], [390.0, 473.5], [390.5, 473.0], [391.0, 472.5], [392.0, 472.5], [393.0, 472.5], [394.0, 472.5], [394.5, 473.0], [395.0, 473.5], [395.5, 474.0], [395.5, 475.0], [396.0, 475.5], [396.5, 476.0], [396.0, 476.5], [395.5, 477.0], [396.0, 477.5], [397.0, 477.5], [398.0, 477.5], [399.0, 477.5], [400.0, 477.5], [401.0, 477.5], [402.0, 477.5], [403.0, 477.5], [404.0, 477.5], [404.5, 477.0], [404.0, 476.5], [403.0, 476.5], [402.0, 476.5], [401.0, 476.5], [400.0, 476.5], [399.5, 476.0], [400.0, 475.5], [401.0, 475.5], [402.0, 475.5], [402.5, 475.0], [402.0, 474.5], [401.5, 474.0], [402.0, 473.5], [403.0, 473.5], [404.0, 473.5], [404.5, 473.0], [404.0, 472.5], [403.5, 472.0], [404.0, 471.5], [404.5, 471.0], [404.0, 470.5], [403.5, 471.0], [403.0, 471.5], [402.5, 471.0], [402.0, 470.5], [401.5, 471.0], [401.0, 471.5], [400.5, 471.0], [400.5, 470.0], [401.0, 469.5], [402.0, 469.5], [402.5, 469.0], [402.0, 468.5], [401.0, 468.5], [400.0, 468.5], [399.5, 468.0], [400.0, 467.5], [400.5, 467.0], [400.0, 466.5], [399.5, 467.0], [399.0, 467.5], [398.5, 467.0], [398.0, 466.5], [397.5, 467.0], [397.0, 467.5], [396.5, 467.0], [396.0, 466.5], [395.5, 466.0], [396.0, 465.5], [396.5, 465.0], [396.0, 464.5], [395.5, 464.0], [395.0, 463.5], [394.5, 463.0], [394.0, 462.5], [393.5, 462.0], [394.0, 461.5], [394.5, 461.0], [394.0, 460.5], [393.5, 460.0], [394.0, 459.5], [394.5, 459.0], [394.0, 458.5], [393.0, 458.5], [392.5, 458.0], [393.0, 457.5], [394.0, 457.5], [394.5, 457.0], [394.5, 456.0], [395.0, 455.5], [396.0, 455.5], [396.5, 455.0], [396.0, 454.5], [395.0, 454.5], [394.5, 454.0], [395.0, 453.5], [396.0, 453.5], [396.5, 453.0], [396.0, 452.5], [395.0, 452.5], [394.0, 452.5], [393.0, 452.5], [392.0, 452.5], [391.5, 452.0], [392.0, 451.5], [393.0, 451.5], [394.0, 451.5], [395.0, 451.5], [396.0, 451.5], [396.5, 451.0], [396.0, 450.5], [395.0, 450.5], [394.5, 450.0], [395.0, 449.5], [396.0, 449.5], [396.5, 449.0], [396.0, 448.5], [395.0, 448.5], [394.0, 448.5], [393.0, 448.5], [392.0, 448.5], [391.5, 448.0], [392.0, 447.5], [393.0, 447.5], [394.0, 447.5], [395.0, 447.5], [396.0, 447.5], [396.5, 447.0], [396.5, 446.0], [397.0, 445.5], [398.0, 445.5], [399.0, 445.5], [399.5, 446.0], [400.0, 446.5], [400.5, 447.0], [400.5, 448.0], [401.0, 448.5], [401.5, 448.0], [401.5, 447.0], [401.5, 446.0], [402.0, 445.5], [402.5, 445.0], [402.0, 444.5], [401.0, 444.5], [400.0, 444.5], [399.5, 444.0], [400.0, 443.5], [400.5, 443.0], [400.0, 442.5], [399.0, 442.5], [398.5, 442.0], [399.0, 441.5], [400.0, 441.5], [400.5, 441.0], [400.0, 440.5], [399.0, 440.5], [398.5, 440.0], [398.0, 439.5], [397.0, 439.5], [396.5, 439.0], [396.0, 438.5], [395.0, 438.5], [394.5, 438.0], [394.5, 437.0], [395.0, 436.5], [396.0, 436.5], [397.0, 436.5], [397.5, 437.0], [398.0, 437.5], [399.0, 437.5], [400.0, 437.5], [400.5, 437.0], [401.0, 436.5], [401.5, 437.0], [402.0, 437.5], [402.5, 437.0], [402.5, 436.0], [402.5, 435.0], [402.5, 434.0], [403.0, 433.5], [404.0, 433.5], [404.5, 433.0], [404.5, 432.0], [404.5, 431.0], [404.5, 430.0], [404.5, 429.0], [405.0, 428.5], [405.5, 429.0], [406.0, 429.5], [406.5, 429.0], [406.5, 428.0], [406.5, 427.0], [406.5, 426.0], [406.5, 425.0], [407.0, 424.5], [407.5, 424.0], [408.0, 423.5], [408.5, 423.0], [409.0, 422.5], [409.5, 422.0], [410.0, 421.5], [410.5, 421.0], [411.0, 420.5], [412.0, 420.5], [412.5, 420.0], [412.5, 419.0], [413.0, 418.5], [413.5, 419.0], [413.5, 420.0], [413.5, 421.0], [413.5, 422.0], [413.5, 423.0], [414.0, 423.5], [414.5, 423.0], [414.5, 422.0], [414.5, 421.0], [415.0, 420.5], [415.5, 421.0], [416.0, 421.5], [416.5, 421.0], [416.5, 420.0], [416.5, 419.0], [417.0, 418.5], [417.5, 419.0], [417.5, 420.0], [417.5, 421.0], [418.0, 421.5], [418.5, 421.0], [418.5, 420.0], [419.0, 419.5], [420.0, 419.5], [420.5, 419.0], [421.0, 418.5], [421.5, 419.0], [422.0, 419.5], [423.0, 419.5], [424.0, 419.5], [424.5, 420.0], [424.5, 421.0], [425.0, 421.5], [425.5, 422.0], [425.5, 423.0], [426.0, 423.5], [426.5, 424.0], [426.5, 425.0], [426.5, 426.0], [426.0, 426.5], [425.5, 427.0], [426.0, 427.5], [426.5, 428.0], [426.0, 428.5], [425.5, 429.0], [425.5, 430.0], [425.5, 431.0], [425.0, 431.5], [424.5, 431.0], [424.0, 430.5], [423.5, 431.0], [424.0, 431.5], [424.5, 432.0], [424.0, 432.5], [423.5, 433.0], [424.0, 433.5], [424.5, 433.0], [425.0, 432.5], [425.5, 433.0], [426.0, 433.5], [426.5, 433.0], [427.0, 432.5], [427.5, 433.0], [428.0, 433.5], [428.5, 433.0], [429.0, 432.5], [430.0, 432.5], [430.5, 432.0], [430.5, 431.0], [430.0, 430.5], [429.5, 431.0], [429.0, 431.5], [428.5, 431.0], [428.5, 430.0], [428.5, 429.0], [428.0, 428.5], [427.5, 428.0], [428.0, 427.5], [428.5, 427.0], [429.0, 426.5], [429.5, 427.0], [430.0, 427.5], [430.5, 427.0], [431.0, 426.5], [432.0, 426.5], [433.0, 426.5], [433.5, 427.0], [434.0, 427.5], [434.5, 428.0], [435.0, 428.5], [435.5, 429.0], [436.0, 429.5], [436.5, 430.0], [437.0, 430.5], [437.5, 431.0], [437.5, 432.0], [437.5, 433.0], [437.0, 433.5], [436.5, 434.0], [436.0, 434.5], [435.0, 434.5], [434.5, 435.0], [434.0, 435.5], [433.0, 435.5], [432.5, 436.0], [432.0, 436.5], [431.5, 437.0], [431.0, 437.5], [430.5, 438.0], [430.0, 438.5], [429.5, 439.0], [429.0, 439.5], [428.5, 439.0], [428.0, 438.5], [427.5, 439.0], [427.0, 439.5], [426.5, 440.0], [426.0, 440.5], [425.5, 441.0], [425.5, 442.0], [425.5, 443.0], [426.0, 443.5], [426.5, 443.0], [427.0, 442.5], [427.5, 443.0], [428.0, 443.5], [428.5, 444.0], [428.0, 444.5], [427.5, 445.0], [428.0, 445.5], [428.5, 445.0], [429.0, 444.5], [429.5, 445.0], [429.5, 446.0], [429.5, 447.0], [429.0, 447.5], [428.5, 447.0], [428.0, 446.5], [427.5, 447.0], [427.0, 447.5], [426.5, 447.0], [426.0, 446.5], [425.5, 447.0], [425.0, 447.5], [424.5, 447.0], [424.0, 446.5], [423.5, 447.0], [423.0, 447.5], [422.5, 447.0], [422.0, 446.5], [421.5, 447.0], [422.0, 447.5], [422.5, 448.0], [422.0, 448.5], [421.5, 449.0], [422.0, 449.5], [423.0, 449.5], [423.5, 450.0], [423.5, 451.0], [424.0, 451.5], [424.5, 452.0], [424.0, 452.5], [423.5, 453.0], [423.5, 454.0], [423.5, 455.0], [423.0, 455.5], [422.5, 455.0], [422.0, 454.5], [421.5, 455.0], [422.0, 455.5], [422.5, 456.0], [422.0, 456.5], [421.5, 457.0], [422.0, 457.5], [423.0, 457.5], [423.5, 458.0], [423.5, 459.0], [424.0, 459.5], [424.5, 459.0], [424.5, 458.0], [424.5, 457.0], [425.0, 456.5], [425.5, 457.0], [426.0, 457.5], [427.0, 457.5], [427.5, 458.0], [427.0, 458.5], [426.0, 458.5], [425.5, 459.0], [425.5, 460.0], [425.5, 461.0], [426.0, 461.5], [427.0, 461.5], [427.5, 462.0], [427.0, 462.5], [426.5, 463.0], [426.5, 464.0], [426.0, 464.5], [425.5, 465.0], [425.5, 466.0], [425.5, 467.0], [426.0, 467.5], [426.5, 468.0], [426.0, 468.5], [425.0, 468.5], [424.0, 468.5], [423.5, 469.0], [424.0, 469.5], [425.0, 469.5], [426.0, 469.5], [427.0, 469.5], [427.5, 470.0], [427.5, 471.0], [427.0, 471.5], [426.5, 471.0], [426.0, 470.5], [425.5, 471.0], [426.0, 471.5], [426.5, 472.0], [426.0, 472.5], [425.5, 473.0], [426.0, 473.5], [427.0, 473.5], [427.5, 474.0], [427.5, 475.0], [428.0, 475.5], [428.5, 475.0], [428.5, 474.0], [429.0, 473.5], [430.0, 473.5], [431.0, 473.5], [431.5, 474.0], [431.5, 475.0], [431.0, 475.5], [430.5, 475.0], [430.0, 474.5], [429.5, 475.0], [430.0, 475.5], [430.5, 476.0], [430.0, 476.5], [429.5, 477.0], [430.0, 477.5], [430.5, 478.0], [430.0, 478.5], [429.5, 479.0], [429.0, 479.5], [428.5, 479.0], [428.0, 478.5], [427.5, 479.0], [427.0, 479.5], [426.5, 480.0], [426.0, 480.5]]]}, "properties": {}}, {"type": "Feature", "geometry": {"type": "Polygon", "coordinates": [[[411.0, 482.5], [410.5, 482.0], [410.5, 481.0], [410.0, 480.5], [409.0, 480.5], [408.5, 480.0], [408.5, 479.0], [408.0, 478.5], [407.5, 479.0], [407.0, 479.5], [406.5, 479.0], [406.5, 478.0], [406.5, 477.0], [407.0, 476.5], [407.5, 477.0], [408.0, 477.5], [409.0, 477.5], [410.0, 477.5], [410.5, 477.0], [410.0, 476.5], [409.0, 476.5], [408.0, 476.5], [407.5, 476.0], [408.0, 475.5], [408.5, 475.0], [408.0, 474.5], [407.0, 474.5], [406.5, 474.0], [406.5, 473.0], [406.0, 472.5], [405.5, 473.0], [405.5, 474.0], [405.5, 475.0], [405.5, 476.0], [405.5, 477.0], [405.5, 478.0], [405.5, 479.0], [406.0, 479.5], [406.5, 480.0], [406.0, 480.5], [405.5, 481.0], [405.5, 482.0], [405.0, 482.5], [404.0, 482.5], [403.0, 482.5], [402.5, 482.0], [403.0, 481.5], [404.0, 481.5], [404.5, 481.0], [404.5, 480.0], [404.5, 479.0], [404.5, 478.0], [404.5, 477.0], [404.0, 476.5], [403.5, 477.0], [403.5, 478.0], [403.5, 479.0], [403.5, 480.0], [403.0, 480.5], [402.0, 480.5], [401.0, 480.5], [400.5, 480.0], [400.5, 479.0], [401.0, 478.5], [401.5, 479.0], [402.0, 479.5], [402.5, 479.0], [402.0, 478.5], [401.5, 478.0], [402.0, 477.5], [402.5, 477.0], [402.5, 476.0], [402.5, 475.0], [402.0, 474.5], [401.5, 474.0], [402.0, 473.5], [402.5, 473.0], [402.0, 472.5], [401.5, 473.0], [401.0, 473.5], [400.5, 473.0], [400.5, 472.0], [400.5, 471.0], [400.5, 470.0], [401.0, 469.5], [402.0, 469.5], [402.5, 469.0], [402.0, 468.5], [401.0, 468.5], [400.0, 468.5], [399.5, 468.0], [400.0, 467.5], [400.5, 467.0], [400.0, 466.5], [399.5, 467.0], [399.0, 467.5], [398.5, 467.0], [398.0, 466.5], [397.5, 467.0], [397.0, 467.5], [396.5, 467.0], [396.5, 466.0], [396.5, 465.0], [396.0, 464.5], [395.0, 464.5], [394.0, 464.5], [393.5, 464.0], [393.5, 463.0], [393.5, 462.0], [394.0, 461.5], [394.5, 461.0], [394.0, 460.5], [393.5, 460.0], [394.0, 459.5], [394.5, 459.0], [394.5, 458.0], [395.0, 457.5], [395.5, 457.0], [395.5, 456.0], [396.0, 455.5], [396.5, 455.0], [396.0, 454.5], [395.0, 454.5], [394.5, 454.0], [395.0, 453.5], [396.0, 453.5], [396.5, 453.0], [396.0, 452.5], [395.5, 452.0], [396.0, 451.5], [396.5, 451.0], [396.5, 450.0], [396.5, 449.0], [396.5, 448.0], [397.0, 447.5], [397.5, 447.0], [397.5, 446.0], [398.0, 445.5], [399.0, 445.5], [399.5, 446.0], [400.0, 446.5], [400.5, 447.0], [400.5, 448.0], [401.0, 448.5], [401.5, 449.0], [402.0, 449.5], [402.5, 450.0], [402.5, 451.0], [403.0, 451.5], [403.5, 452.0], [403.5, 453.0], [404.0, 453.5], [405.0, 453.5], [405.5, 454.0], [405.5, 455.0], [405.0, 455.5], [404.5, 455.0], [404.0, 454.5], [403.5, 455.0], [403.5, 456.0], [403.5, 457.0], [403.5, 458.0], [403.5, 459.0], [403.0, 459.5], [402.5, 459.0], [402.0, 458.5], [401.5, 459.0], [402.0, 459.5], [402.5, 460.0], [402.0, 460.5], [401.5, 461.0], [402.0, 461.5], [402.5, 461.0], [403.0, 460.5], [403.5, 461.0], [403.5, 462.0], [403.5, 463.0], [404.0, 463.5], [405.0, 463.5], [406.0, 463.5], [406.5, 464.0], [406.0, 464.5], [405.5, 465.0], [405.5, 466.0], [405.5, 467.0], [405.5, 468.0], [405.0, 468.5], [404.0, 468.5], [403.5, 469.0], [403.5, 470.0], [403.5, 471.0], [404.0, 471.5], [405.0, 471.5], [405.5, 471.0], [405.0, 470.5], [404.5, 470.0], [405.0, 469.5], [406.0, 469.5], [407.0, 469.5], [408.0, 469.5], [409.0, 469.5], [409.5, 470.0], [409.5, 471.0], [410.0, 471.5], [411.0, 471.5], [412.0, 471.5], [412.5, 471.0], [412.5, 470.0], [412.5, 469.0], [412.5, 468.0], [412.5, 467.0], [412.5, 466.0], [413.0, 465.5], [414.0, 465.5], [414.5, 465.0], [414.0, 464.5], [413.5, 464.0], [414.0, 463.5], [414.5, 463.0], [414.5, 462.0], [415.0, 461.5], [415.5, 462.0], [415.5, 463.0], [416.0, 463.5], [416.5, 463.0], [416.5, 462.0], [417.0, 461.5], [417.5, 462.0], [417.5, 463.0], [418.0, 463.5], [418.5, 463.0], [419.0, 462.5], [419.5, 463.0], [420.0, 463.5], [420.5, 463.0], [420.5, 462.0], [420.5, 461.0], [420.5, 460.0], [421.0, 459.5], [422.0, 459.5], [422.5, 460.0], [422.0, 460.5], [421.5, 461.0], [422.0, 461.5], [422.5, 461.0], [423.0, 460.5], [423.5, 461.0], [423.5, 462.0], [423.5, 463.0], [424.0, 463.5], [424.5, 463.0], [424.5, 462.0], [425.0, 461.5], [426.0, 461.5], [426.5, 461.0], [427.0, 460.5], [427.5, 461.0], [427.5, 462.0], [427.5, 463.0], [428.0, 463.5], [428.5, 463.0], [428.5, 462.0], [428.5, 461.0], [429.0, 460.5], [429.5, 461.0], [429.5, 462.0], [429.5, 463.0], [430.0, 463.5], [430.5, 463.0], [430.5, 462.0], [430.5, 461.0], [430.0, 460.5], [429.5, 460.0], [430.0, 459.5], [430.5, 459.0], [430.0, 458.5], [429.0, 458.5], [428.5, 458.0], [428.5, 457.0], [428.5, 456.0], [429.0, 455.5], [430.0, 455.5], [431.0, 455.5], [431.5, 456.0], [431.5, 457.0], [431.5, 458.0], [431.5, 459.0], [432.0, 459.5], [432.5, 459.0], [433.0, 458.5], [433.5, 459.0], [434.0, 459.5], [435.0, 459.5], [436.0, 459.5], [436.5, 459.0], [436.5, 458.0], [436.5, 457.0], [436.5, 456.0], [436.5, 455.0], [436.5, 454.0], [436.5, 453.0], [437.0, 452.5], [437.5, 453.0], [438.0, 453.5], [438.5, 453.0], [438.0, 452.5], [437.5, 452.0], [438.0, 451.5], [438.5, 451.0], [438.0, 450.5], [437.5, 451.0], [437.0, 451.5], [436.5, 451.0], [436.5, 450.0], [436.5, 449.0], [436.0, 448.5], [435.5, 449.0], [435.0, 449.5], [434.5, 449.0], [434.5, 448.0], [434.5, 447.0], [434.0, 446.5], [433.5, 446.0], [433.0, 445.5], [432.5, 445.0], [433.0, 444.5], [433.5, 444.0], [434.0, 443.5], [434.5, 444.0], [435.0, 444.5], [435.5, 445.0], [436.0, 445.5], [436.5, 445.0], [437.0, 444.5], [437.5, 445.0], [438.0, 445.5], [438.5, 446.0], [438.0, 446.5], [437.5, 447.0], [438.0, 447.5], [438.5, 447.0], [439.0, 446.5], [439.5, 447.0], [440.0, 447.5], [440.5, 447.0], [440.0, 446.5], [439.5, 446.0], [440.0, 445.5], [440.5, 445.0], [440.5, 444.0], [440.5, 443.0], [441.0, 442.5], [441.5, 443.0], [442.0, 443.5], [443.0, 443.5], [444.0, 443.5], [444.5, 444.0], [445.0, 444.5], [446.0, 444.5], [447.0, 444.5], [448.0, 444.5], [448.5, 445.0], [449.0, 445.5], [449.5, 446.0], [449.0, 446.5], [448.5, 447.0], [449.0, 447.5], [450.0, 447.5], [450.5, 448.0], [450.5, 449.0], [451.0, 449.5], [451.5, 450.0], [451.5, 451.0], [451.5, 452.0], [452.0, 452.5], [452.5, 453.0], [452.5, 454.0], [453.0, 454.5], [453.5, 455.0], [453.5, 456.0], [453.5, 457.0], [453.0, 457.5], [452.5, 458.0], [452.0, 458.5], [451.5, 459.0], [452.0, 459.5], [452.5, 460.0], [452.0, 460.5], [451.5, 461.0], [452.0, 461.5], [452.5, 462.0], [453.0, 462.5], [453.5, 462.0], [454.0, 461.5], [454.5, 462.0], [454.5, 463.0], [454.0, 463.5], [453.5, 464.0], [453.0, 464.5], [452.0, 464.5], [451.5, 465.0], [452.0, 465.5], [452.5, 466.0], [452.0, 466.5], [451.5, 467.0], [452.0, 467.5], [452.5, 467.0], [453.0, 466.5], [453.5, 467.0], [454.0, 467.5], [454.5, 468.0], [454.0, 468.5], [453.5, 469.0], [453.0, 469.5], [452.5, 469.0], [452.0, 468.5], [451.5, 469.0], [452.0, 469.5], [452.5, 470.0], [452.0, 470.5], [451.5, 471.0], [452.0, 471.5], [452.5, 471.0], [453.0, 470.5], [454.0, 470.5], [454.5, 470.0], [455.0, 469.5], [455.5, 470.0], [455.5, 471.0], [455.0, 471.5], [454.5, 472.0], [454.0, 472.5], [453.5, 473.0], [453.0, 473.5], [452.5, 474.0], [452.0, 474.5], [451.5, 475.0], [452.0, 475.5], [452.5, 475.0], [453.0, 474.5], [453.5, 474.0], [454.0, 473.5], [454.5, 473.0], [455.0, 472.5], [455.5, 473.0], [455.5, 474.0], [455.5, 475.0], [456.0, 475.5], [457.0, 475.5], [457.5, 476.0], [457.0, 476.5], [456.0, 476.5], [455.5, 477.0], [456.0, 477.5], [456.5, 478.0], [456.0, 478.5], [455.5, 479.0], [455.0, 479.5], [454.5, 480.0], [454.0, 480.5], [453.0, 480.5], [452.0, 480.5], [451.5, 480.0], [452.0, 479.5], [452.5, 479.0], [453.0, 478.5], [453.5, 478.0], [454.0, 477.5], [454.5, 477.0], [454.0, 476.5], [453.5, 477.0], [453.0, 477.5], [452.0, 477.5], [451.5, 478.0], [451.5, 479.0], [451.0, 479.5], [450.5, 480.0], [450.0, 480.5], [449.0, 480.5], [448.0, 480.5], [447.5, 480.0], [448.0, 479.5], [448.5, 479.0], [448.5, 478.0], [448.5, 477.0], [448.0, 476.5], [447.5, 477.0], [447.5, 478.0], [447.5, 479.0], [447.0, 479.5], [446.5, 480.0], [446.0, 480.5], [445.0, 480.5], [444.0, 480.5], [443.5, 480.0], [443.0, 479.5], [442.5, 480.0], [442.0, 480.5], [441.0, 480.5], [440.0, 480.5], [439.0, 480.5], [438.0, 480.5], [437.0, 480.5], [436.0, 480.5], [435.0, 480.5], [434.0, 480.5], [433.0, 480.5], [432.0, 480.5], [431.0, 480.5], [430.0, 480.5], [429.0, 480.5], [428.0, 480.5], [427.0, 480.5], [426.0, 480.5], [425.0, 480.5], [424.0, 480.5], [423.0, 480.5], [422.0, 480.5], [421.0, 480.5], [420.5, 480.0], [420.5, 479.0], [420.5, 478.0], [420.5, 477.0], [420.5, 476.0], [420.5, 475.0], [420.5, 474.0], [420.5, 473.0], [420.0, 472.5], [419.5, 472.0], [420.0, 471.5], [420.5, 471.0], [420.5, 470.0], [420.5, 469.0], [420.0, 468.5], [419.5, 469.0], [419.5, 470.0], [419.0, 470.5], [418.5, 470.0], [418.5, 469.0], [418.0, 468.5], [417.5, 469.0], [417.5, 470.0], [417.5, 471.0], [417.5, 472.0], [417.5, 473.0], [417.5, 474.0], [417.5, 475.0], [417.5, 476.0], [417.0, 476.5], [416.0, 476.5], [415.5, 477.0], [416.0, 477.5], [417.0, 477.5], [417.5, 478.0], [417.5, 479.0], [418.0, 479.5], [418.5, 479.0], [418.5, 478.0], [418.5, 477.0], [418.5, 476.0], [418.5, 475.0], [418.5, 474.0], [419.0, 473.5], [419.5, 474.0], [419.5, 475.0], [419.5, 476.0], [419.5, 477.0], [419.5, 478.0], [419.5, 479.0], [419.5, 480.0], [419.0, 480.5], [418.0, 480.5], [417.0, 480.5], [416.5, 480.0], [416.5, 479.0], [416.0, 478.5], [415.5, 479.0], [415.5, 480.0], [415.0, 480.5], [414.0, 480.5], [413.0, 480.5], [412.0, 480.5], [411.5, 481.0], [411.5, 482.0], [411.0, 482.5]]]}, "properties": {}}, {"type": "Feature", "geometry": {"type": "Polygon", "coordinates": [[[386.0, 480.5], [385.5, 480.0], [385.0, 479.5], [384.5, 479.0], [384.0, 478.5], [383.5, 478.0], [383.5, 477.0], [383.5, 476.0], [383.0, 475.5], [382.0, 475.5], [381.0, 475.5], [380.0, 475.5], [379.5, 476.0], [379.0, 476.5], [378.5, 476.0], [378.0, 475.5], [377.0, 475.5], [376.0, 475.5], [375.0, 475.5], [374.0, 475.5], [373.5, 476.0], [373.5, 477.0], [373.0, 477.5], [372.5, 477.0], [372.0, 476.5], [371.0, 476.5], [370.5, 476.0], [371.0, 475.5], [372.0, 475.5], [372.5, 475.0], [372.0, 474.5], [371.0, 474.5], [370.5, 474.0], [370.0, 473.5], [369.5, 473.0], [369.0, 472.5], [368.5, 472.0], [368.0, 471.5], [367.5, 471.0], [367.5, 470.0], [367.5, 469.0], [367.5, 468.0], [367.5, 467.0], [367.5, 466.0], [367.5, 465.0], [367.5, 464.0], [367.5, 463.0], [368.0, 462.5], [368.5, 462.0], [368.5, 461.0], [368.5, 460.0], [369.0, 459.5], [369.5, 459.0], [370.0, 458.5], [370.5, 458.0], [370.5, 457.0], [371.0, 456.5], [371.5, 456.0], [371.5, 455.0], [371.5, 454.0], [372.0, 453.5], [372.5, 453.0], [373.0, 452.5], [373.5, 452.0], [373.5, 451.0], [374.0, 450.5], [374.5, 450.0], [375.0, 449.5], [375.5, 449.0], [376.0, 448.5], [376.5, 448.0], [377.0, 447.5], [377.5, 447.0], [378.0, 446.5], [378.5, 446.0], [378.5, 445.0], [379.0, 444.5], [379.5, 444.0], [380.0, 443.5], [380.5, 443.0], [381.0, 442.5], [382.0, 442.5], [382.5, 442.0], [382.5, 441.0], [383.0, 440.5], [383.5, 440.0], [384.0, 439.5], [384.5, 439.0], [385.0, 438.5], [385.5, 438.0], [386.0, 437.5], [386.5, 437.0], [387.0, 436.5], [388.0, 436.5], [388.5, 436.0], [389.0, 435.5], [389.5, 436.0], [390.0, 436.5], [391.0, 436.5], [391.5, 437.0], [392.0, 437.5], [393.0, 437.5], [393.5, 438.0], [393.5, 439.0], [394.0, 439.5], [394.5, 440.0], [395.0, 440.5], [395.5, 441.0], [395.5, 442.0], [396.0, 442.5], [396.5, 443.0], [396.5, 444.0], [396.5, 445.0], [397.0, 445.5], [397.5, 446.0], [398.0, 446.5], [398.5, 447.0], [398.5, 448.0], [399.0, 448.5], [399.5, 448.0], [400.0, 447.5], [400.5, 448.0], [400.5, 449.0], [401.0, 449.5], [401.5, 450.0], [402.0, 450.5], [402.5, 451.0], [403.0, 451.5], [403.5, 452.0], [403.5, 453.0], [403.0, 453.5], [402.0, 453.5], [401.0, 453.5], [400.5, 454.0], [400.5, 455.0], [400.0, 455.5], [399.5, 455.0], [399.5, 454.0], [399.0, 453.5], [398.5, 454.0], [398.5, 455.0], [398.0, 455.5], [397.5, 456.0], [397.5, 457.0], [397.5, 458.0], [397.5, 459.0], [397.5, 460.0], [397.5, 461.0], [397.5, 462.0], [397.5, 463.0], [397.0, 463.5], [396.5, 464.0], [396.0, 464.5], [395.5, 464.0], [395.5, 463.0], [395.5, 462.0], [395.5, 461.0], [395.0, 460.5], [394.5, 461.0], [394.5, 462.0], [394.5, 463.0], [394.5, 464.0], [394.0, 464.5], [393.5, 465.0], [394.0, 465.5], [394.5, 466.0], [394.5, 467.0], [394.5, 468.0], [394.0, 468.5], [393.5, 469.0], [393.0, 469.5], [392.5, 470.0], [392.0, 470.5], [391.5, 471.0], [392.0, 471.5], [393.0, 471.5], [393.5, 472.0], [393.5, 473.0], [394.0, 473.5], [394.5, 474.0], [394.5, 475.0], [394.0, 475.5], [393.5, 476.0], [393.0, 476.5], [392.5, 476.0], [392.0, 475.5], [391.5, 475.0], [391.0, 474.5], [390.5, 474.0], [391.0, 473.5], [391.5, 473.0], [391.0, 472.5], [390.5, 473.0], [390.0, 473.5], [389.5, 474.0], [389.0, 474.5], [388.0, 474.5], [387.0, 474.5], [386.5, 474.0], [386.0, 473.5], [385.5, 474.0], [385.5, 475.0], [386.0, 475.5], [386.5, 476.0], [386.0, 476.5], [385.5, 477.0], [386.0, 477.5], [387.0, 477.5], [388.0, 477.5], [388.5, 478.0], [388.0, 478.5], [387.5, 479.0], [387.0, 479.5], [386.5, 480.0], [386.0, 480.5]]]}, "properties": {}}]}